,phrase,label,sentiment,subjectivity,language,count,geonames,geotype,latitude,longitude,country,ipcc
Myanmar,Myanmar,LOC,-0.03200510855683272,0.09782886334610472,de,522,-1,,,,,
Erde,Erde,LOC,-0.03793402777777778,0.03993055555555555,de,288,-1,,,,,
Bangkok,Bangkok,LOC,-0.04642857142857144,0.03163265306122449,de,196,-1,,,,,
Thailand,Thailand,LOC,0.002518939393939383,0.10814393939393936,de,176,-1,,,,,
Istanbul,Istanbul,LOC,0.09749518304431591,0.0741811175337187,de,173,-1,,,,,
Kamtschatka,Kamtschatka,LOC,0.06484018264840183,0.04794520547945205,de,146,-1,,,,,
Türkei,Türkei,LOC,0.05265700483091782,0.07246376811594203,de,138,-1,,,,,
Santorini,Santorini,LOC,-0.024404761904761905,0.015625,de,112,-1,,,,,
Afghanistans,Afghanistans,LOC,-0.06601941747572815,0.04530744336569579,de,103,-1,,,,,
Erdbeben,Erdbeben,LOC,0.049999999999999996,0.08695652173913043,de,92,-1,,,,,
Afghanistan,Afghanistan,LOC,-0.03397435897435898,0.13141025641025642,de,78,-1,,,,,
Neapel,Neapel,LOC,0.09090909090909093,0.0,de,77,-1,,,,,
Japan,Japan,LOC,0.07258771929824562,0.013157894736842105,de,76,-1,,,,,
Philippinen,Philippinen,LOC,0.06799999999999999,0.013333333333333334,de,75,-1,,,,,
Russlands,Russlands,LOC,0.09420289855072465,0.08695652173913043,de,69,-1,,,,,
Südostasien,Südostasien,LOC,0.14406565656565648,0.027777777777777776,de,66,-1,,,,,
Erdbeben in Myanmar,Erdbeben in Myanmar,LOC,-0.14100529100529102,0.19047619047619047,de,63,-1,,,,,
Berlin,Berlin,LOC,0.0,0.018518518518518517,de,54,-1,,,,,
Italien,Italien,LOC,0.0625,0.052083333333333336,de,48,-1,,,,,
Griechenland,Griechenland,LOC,0.18043478260869567,0.0,de,46,-1,,,,,
Tibet,Tibet,LOC,0.07954545454545453,0.022727272727272728,de,44,-1,,,,,
Russland,Russland,LOC,0.04375,0.0,de,44,-1,,,,,
Kreta,Kreta,LOC,0.2841463414634146,0.0,de,41,-1,,,,,
Vanuatu,Vanuatu,LOC,0.13157894736842107,0.0,de,38,-1,,,,,
Hawaii,Hawaii,LOC,0.06666666666666667,0.0,de,33,-1,,,,,
Pazifikraum,Pazifikraum,LOC,-0.009375000000000001,0.3125,de,32,-1,,,,,
Ägäis,Ägäis,LOC,-0.0388888888888889,0.05,de,30,-1,,,,,
Stadt,Stadt,LOC,-0.025555555555555554,0.02222222222222222,de,30,-1,,,,,
USA,USA,LOC,-0.2061111111111111,0.0,de,30,-1,,,,,
Südostasiens,Südostasiens,LOC,0.21724137931034485,0.0,de,29,-1,,,,,
Insel Santorini,Insel Santorini,LOC,0.049999999999999996,0.018518518518518517,de,27,-1,,,,,
Santorin,Santorin,LOC,-0.05555555555555555,0.05555555555555555,de,27,-1,,,,,
Athen,Athen,LOC,0.013461538461538466,0.07051282051282051,de,26,-1,,,,,
Rom,Rom,LOC,-0.2,0.0,de,25,-1,,,,,
China,China,LOC,0.14400000000000002,0.0,de,25,-1,,,,,
Burma,Burma,LOC,-0.14652777777777778,0.10416666666666667,de,24,-1,,,,,
Mandalay,Mandalay,LOC,-0.08695652173913043,0.13043478260869565,de,23,-1,,,,,
nan,nan,LOC,0.10869565217391304,0.0,de,23,-1,,,,,
Thailands,Thailands,LOC,-0.019565217391304356,0.0,de,23,-1,,,,,
Pazifik,Pazifik,LOC,0.24545454545454548,0.11363636363636363,de,22,-1,,,,,
Landes,Landes,LOC,-0.08571428571428572,0.14285714285714285,de,21,-1,,,,,
Südamerika,Südamerika,LOC,0.1261904761904762,0.0,de,21,-1,,,,,
Kabul,Kabul,LOC,-0.08809523809523809,0.11111111111111109,de,21,-1,,,,,
Karibik,Karibik,LOC,0.4125,0.05,de,20,-1,,,,,
Erdbeben in Istanbul,Erdbeben in Istanbul,LOC,-0.07249999999999998,0.016666666666666666,de,20,-1,,,,,
Israel,Israel,LOC,-0.09736842105263159,0.0,de,19,-1,,,,,
Dresden,Dresden,LOC,-0.03518518518518518,0.0,de,18,-1,,,,,
Potsdam,Potsdam,LOC,-0.09444444444444444,0.0,de,18,-1,,,,,
Ferieninsel Santorini,Ferieninsel Santorini,LOC,0.2935185185185186,0.05555555555555555,de,18,-1,,,,,
Rhodos,Rhodos,LOC,0.29814814814814816,0.037037037037037035,de,18,-1,,,,,
Südamerikas,Südamerikas,LOC,0.08235294117647059,0.0,de,17,-1,,,,,
Pakistan,Pakistan,LOC,-0.021568627450980395,0.3431372549019608,de,17,-1,,,,,
Los Angeles,Los Angeles,LOC,0.2088235294117647,0.11764705882352941,de,17,-1,,,,,
Marmarameer,Marmarameer,LOC,-0.041176470588235294,0.0,de,17,-1,,,,,
Alaska,Alaska,LOC,0.07647058823529412,0.0,de,17,-1,,,,,
Erdbebens,Erdbebens,LOC,-0.140625,0.125,de,16,-1,,,,,
Tsunami-Warnungen,Tsunami-Warnungen,LOC,0.04375,0.125,de,16,-1,,,,,
Kunar,Kunar,LOC,-0.06406250000000001,0.140625,de,16,-1,,,,,
Japans,Japans,LOC,0.11333333333333333,0.0,de,15,-1,,,,,
Erdbeben in Tibet,Erdbeben in Tibet,LOC,0.13999999999999999,0.0,de,15,-1,,,,,
Tsunami-Wellen,Tsunami-Wellen,LOC,0.13999999999999999,0.0,de,15,-1,,,,,
Westtürkei,Westtürkei,LOC,0.0,0.13333333333333333,de,15,-1,,,,,
Trümmern,Trümmern,LOC,-0.11333333333333333,0.13333333333333333,de,15,-1,,,,,
Marmaris,Marmaris,LOC,0.07777777777777777,0.31111111111111106,de,15,-1,,,,,
Toskana,Toskana,LOC,-0.09285714285714286,0.0,de,14,-1,,,,,
Xinhua,Xinhua,LOC,-0.21428571428571427,0.0,de,14,-1,,,,,
Deutschland,Deutschland,LOC,-0.042857142857142864,0.0,de,14,-1,,,,,
Torre dei Conti,Torre dei Conti,LOC,-0.2357142857142857,0.0,de,14,-1,,,,,
Mittelmeer,Mittelmeer,LOC,0.07499999999999998,0.03571428571428571,de,14,-1,,,,,
Hauptbeben,Hauptbeben,LOC,-0.2076923076923077,0.07692307692307693,de,13,-1,,,,,
Tsunami-Alarm,Tsunami-Alarm,LOC,0.053846153846153835,0.46153846153846156,de,13,-1,,,,,
Erdbeben in Afghanistan,Erdbeben in Afghanistan,LOC,-0.1576923076923077,0.11538461538461539,de,13,-1,,,,,
Provinz Balikesir,Provinz Balikesir,LOC,-0.11923076923076922,0.02564102564102564,de,13,-1,,,,,
Iran,Iran,LOC,-0.275,0.0,de,13,-1,,,,,
Militärregierung,Militärregierung,LOC,-0.038461538461538464,0.23076923076923078,de,13,-1,,,,,
Tsunami,Tsunami,LOC,0.2833333333333333,0.0,de,12,-1,,,,,
Chile,Chile,LOC,-0.14166666666666666,0.0,de,12,-1,,,,,
Erdbeben in Südostasien,Erdbeben in Südostasien,LOC,-0.027777777777777776,0.47222222222222215,de,12,-1,,,,,
Südpazifik,Südpazifik,LOC,-0.225,0.0,de,12,-1,,,,,
Erdbeben im Pazifik,Erdbeben im Pazifik,LOC,0.06363636363636363,0.0,de,11,-1,,,,,
Leichengeruch,Leichengeruch,LOC,-0.15454545454545454,0.0,de,11,-1,,,,,
Myanmars,Myanmars,LOC,0.018181818181818177,0.18181818181818182,de,11,-1,,,,,
Chinas,Chinas,LOC,-0.15454545454545454,0.0,de,11,-1,,,,,
Behördenangaben,Behördenangaben,LOC,-0.33636363636363636,0.18181818181818182,de,11,-1,,,,,
Mount Everest,Mount Everest,LOC,-0.010606060606060608,0.0303030303030303,de,11,-1,,,,,
Portugal,Portugal,LOC,-0.11818181818181818,0.2727272727272727,de,11,-1,,,,,
Indien,Indien,LOC,0.1636363636363636,0.0,de,11,-1,,,,,
Nepal,Nepal,LOC,0.12727272727272726,0.0,de,11,-1,,,,,
Siena,Siena,LOC,0.0,0.0,de,10,-1,,,,,
Antarktis,Antarktis,LOC,0.13999999999999999,0.0,de,10,-1,,,,,
türkische Westküste,türkische Westküste,LOC,0.6300000000000001,0.0,de,10,-1,,,,,
Erdstößen,Erdstößen,LOC,0.0611111111111111,0.4444444444444444,de,9,-1,,,,,
Asien,Asien,LOC,0.07777777777777778,0.0,de,9,-1,,,,,
Mexiko City,Mexiko City,LOC,0.0,0.0,de,9,-1,,,,,
Konya,Konya,LOC,0.15555555555555556,0.0,de,9,-1,,,,,
Supervulkans,Supervulkans,LOC,0.23333333333333328,0.0,de,9,-1,,,,,
Kasos,Kasos,LOC,0.0611111111111111,0.0,de,9,-1,,,,,
Italiens,Italiens,LOC,0.0,0.0,de,9,-1,,,,,
Hindukusch,Hindukusch,LOC,0.15555555555555556,0.0,de,9,-1,,,,,
Samangan,Samangan,LOC,-0.2777777777777778,0.5,de,9,-1,,,,,
Russlands Ostküste,Russlands Ostküste,LOC,-0.175,0.0,de,8,-1,,,,,
Tsunamiwarnungen,Tsunamiwarnungen,LOC,0.0,0.0,de,8,-1,,,,,
Neuseelands,Neuseelands,LOC,0.26249999999999996,0.0,de,8,-1,,,,,
Erdstoß,Erdstoß,LOC,-0.25,0.0,de,8,-1,,,,,
Europa,Europa,LOC,0.3,0.0,de,8,-1,,,,,
Balikesir,Balikesir,LOC,0.35,0.0,de,8,-1,,,,,
Sindirgi,Sindirgi,LOC,-0.10625,0.0,de,8,-1,,,,,
Kalifornien,Kalifornien,LOC,0.018750000000000003,0.0,de,8,-1,,,,,
Sizilien,Sizilien,LOC,0.0875,0.0,de,8,-1,,,,,
den USA,den USA,LOC,-0.018750000000000003,0.125,de,8,-1,,,,,
Warnungen,Warnungen,LOC,0.0,0.0,de,7,-1,,,,,
Kurilen,Kurilen,LOC,0.29999999999999993,0.0,de,7,-1,,,,,
Überlebenden,Überlebenden,LOC,0.0,0.0,de,7,-1,,,,,
Schweiz,Schweiz,LOC,0.29999999999999993,0.2857142857142857,de,7,-1,,,,,
Phlegräischen Feldern,Phlegräischen Feldern,LOC,0.042857142857142864,0.2857142857142857,de,7,-1,,,,,
Kaimaninseln,Kaimaninseln,LOC,0.24285714285714288,0.14285714285714285,de,7,-1,,,,,
Bewohner,Bewohner,LOC,-0.29999999999999993,0.0,de,7,-1,,,,,
Sumatra,Sumatra,LOC,0.5,0.0,de,7,-1,,,,,
Argentinien,Argentinien,LOC,-0.09999999999999999,0.0,de,7,-1,,,,,
Mega-Beben,Mega-Beben,LOC,-0.2857142857142857,0.0,de,7,-1,,,,,
Kreis Neu-Ulm,Kreis Neu-Ulm,LOC,-0.29999999999999993,0.0,de,7,-1,,,,,
Tibets,Tibets,LOC,0.39999999999999997,0.0,de,7,-1,,,,,
türkischen Westküste,türkischen Westküste,LOC,-0.11666666666666665,0.0,de,6,-1,,,,,
Provinz Udine,Provinz Udine,LOC,0.2333333333333333,0.0,de,6,-1,,,,,
Taliban,Taliban,LOC,-0.16666666666666666,0.3333333333333333,de,6,-1,,,,,
Hessen,Hessen,LOC,-0.11666666666666665,0.8333333333333334,de,6,-1,,,,,
Phlegräischen Felder,Phlegräischen Felder,LOC,0.2333333333333333,0.16666666666666666,de,6,-1,,,,,
Katastrophengebiet,Katastrophengebiet,LOC,0.0,0.16666666666666666,de,6,-1,,,,,
Oldenburg,Oldenburg,LOC,0.05000000000000001,0.0,de,6,-1,,,,,
Freien,Freien,LOC,0.40833333333333327,0.13888888888888887,de,6,-1,,,,,
Shigatse,Shigatse,LOC,-0.5,0.0,de,6,-1,,,,,
Teheran,Teheran,LOC,0.12500000000000003,0.0,de,6,-1,,,,,
Katastrophenschutzbehörde Afad,Katastrophenschutzbehörde Afad,LOC,0.0,0.0,de,6,-1,,,,,
Küste,Küste,LOC,-0.11666666666666665,0.0,de,6,-1,,,,,
Euböa,Euböa,LOC,0.2333333333333333,0.0,de,6,-1,,,,,
Alaskas,Alaskas,LOC,0.0,0.0,de,6,-1,,,,,
Syrien,Syrien,LOC,0.0,0.0,de,6,-1,,,,,
Österreich,Österreich,LOC,0.17499999999999996,0.08333333333333333,de,6,-1,,,,,
Mexiko,Mexiko,LOC,-0.10000000000000002,0.0,de,6,-1,,,,,
Leoben,Leoben,LOC,0.2333333333333333,0.0,de,6,-1,,,,,
Pirna,Pirna,LOC,0.11666666666666665,0.0,de,6,-1,,,,,
Tokio,Tokio,LOC,0.0,0.0,de,6,-1,,,,,
Kroatien,Kroatien,LOC,0.7000000000000001,0.0,de,6,-1,,,,,
Mittelmeerinsel,Mittelmeerinsel,LOC,0.0,0.16666666666666666,de,6,-1,,,,,
Chiles,Chiles,LOC,-0.5833333333333334,0.0,de,6,-1,,,,,
Region Magallanes,Region Magallanes,LOC,-0.3499999999999999,0.0,de,6,-1,,,,,
Neuseeland,Neuseeland,LOC,-0.11666666666666665,0.0,de,6,-1,,,,,
Balch,Balch,LOC,0.0,0.6666666666666666,de,6,-1,,,,,
Sachsen,Sachsen,LOC,-0.05000000000000001,0.0,de,6,-1,,,,,
Vogtland,Vogtland,LOC,-0.11666666666666665,0.0,de,6,-1,,,,,
Aachen,Aachen,LOC,-0.14166666666666666,0.0,de,6,-1,,,,,
Taiwan,Taiwan,LOC,0.4666666666666666,0.0,de,6,-1,,,,,
Paris,Paris,LOC,0.0,0.0,de,5,-1,,,,,
Erdbebenhilfe,Erdbebenhilfe,LOC,0.13999999999999999,0.0,de,5,-1,,,,,
Panik,Panik,LOC,-0.13999999999999999,0.0,de,5,-1,,,,,
Hochhaus-Einsturz,Hochhaus-Einsturz,LOC,-0.06999999999999999,0.1,de,5,-1,,,,,
Bogotá,Bogotá,LOC,0.5599999999999999,0.0,de,5,-1,,,,,
Perus,Perus,LOC,0.0,0.0,de,5,-1,,,,,
Gazastreifen,Gazastreifen,LOC,-0.06000000000000001,0.4,de,5,-1,,,,,
Mittelmeerraum,Mittelmeerraum,LOC,0.0,0.0,de,5,-1,,,,,
Erdbeben vor Russlands Ostküste,Erdbeben vor Russlands Ostküste,LOC,0.0,0.0,de,5,-1,,,,,
Tsunamiwelle,Tsunamiwelle,LOC,0.0,0.0,de,5,-1,,,,,
Jamaika,Jamaika,LOC,0.2799999999999999,0.0,de,5,-1,,,,,
Peking,Peking,LOC,0.0,0.0,de,5,-1,,,,,
Cebu,Cebu,LOC,0.0,0.0,de,5,-1,,,,,
Dschalalabad,Dschalalabad,LOC,0.0,0.2,de,5,-1,,,,,
Erdbebenkatastrophe,Erdbebenkatastrophe,LOC,-0.2,0.0,de,5,-1,,,,,
Tsunami-Warnung,Tsunami-Warnung,LOC,0.13999999999999999,0.0,de,5,-1,,,,,
Junta,Junta,LOC,-0.6,0.2,de,5,-1,,,,,
Erdbeben vor der Küste,Erdbeben vor der Küste,LOC,0.0,0.0,de,5,-1,,,,,
Epizentrums,Epizentrums,LOC,-0.4866666666666667,0.0,de,5,-1,,,,,
Teneriffa,Teneriffa,LOC,0.0,0.0,de,5,-1,,,,,
Artikelzusammenfassung,Artikelzusammenfassung,LOC,0.27999999999999997,0.0,de,5,-1,,,,,
Pozzuoli,Pozzuoli,LOC,0.13999999999999999,0.0,de,5,-1,,,,,
Campi Flegrei,Campi Flegrei,LOC,0.8,0.0,de,5,-1,,,,,
Valencia,Valencia,LOC,0.0,0.0,de,5,-1,,,,,
Semnan,Semnan,LOC,0.15000000000000002,0.0,de,5,-1,,,,,
Kathmandu,Kathmandu,LOC,0.0,0.0,de,5,-1,,,,,
Terfens,Terfens,LOC,-0.54,0.0,de,5,-1,,,,,
Erdbeben in Türkei,Erdbeben in Türkei,LOC,-0.25,0.0,de,4,-1,,,,,
bebt minutenlang,bebt minutenlang,LOC,-0.35,0.0,de,4,-1,,,,,
Erdbeben in Thailand,Erdbeben in Thailand,LOC,0.0,0.0,de,4,-1,,,,,
Erdbeben von Istanbul,Erdbeben von Istanbul,LOC,0.175,0.0,de,4,-1,,,,,
Venetien,Venetien,LOC,0.35,0.0,de,4,-1,,,,,
de…,de…,LOC,0.6,0.0,de,4,-1,,,,,
Angst,Angst,LOC,0.0,0.0,de,4,-1,,,,,
…,…,LOC,0.0,0.0,de,4,-1,,,,,
Port Vila,Port Vila,LOC,0.0,0.0,de,4,-1,,,,,
Zehntausende,Zehntausende,LOC,0.0,0.0,de,4,-1,,,,,
Groningen,Groningen,LOC,-0.037500000000000006,0.0,de,4,-1,,,,,
Macho-Kultur,Macho-Kultur,LOC,0.0,0.0,de,4,-1,,,,,
Manila,Manila,LOC,-0.2875,0.0,de,4,-1,,,,,
Unzmarkt,Unzmarkt,LOC,-0.2125,0.0,de,4,-1,,,,,
Lissabon,Lissabon,LOC,0.0,0.0,de,4,-1,,,,,
GFZ,GFZ,LOC,0.0,0.0,de,4,-1,,,,,
Hollywood,Hollywood,LOC,-0.15000000000000002,0.0,de,4,-1,,,,,
Krascheninnikow,Krascheninnikow,LOC,0.0,0.5,de,4,-1,,,,,
US-Westküste,US-Westküste,LOC,0.48749999999999993,0.0,de,4,-1,,,,,
Erdbeben Myanmar,Erdbeben Myanmar,LOC,0.04999999999999999,0.125,de,4,-1,,,,,
südamerikanischen Kontinents,südamerikanischen Kontinents,LOC,0.0,0.0,de,4,-1,,,,,
Erdbeben die Leichensäcke,Erdbeben die Leichensäcke,LOC,0.0,0.0,de,4,-1,,,,,
Erdbebengebiet,Erdbebengebiet,LOC,0.175,0.0,de,4,-1,,,,,
Tsunamiwellen,Tsunamiwellen,LOC,-0.4375,0.125,de,4,-1,,,,,
Tonga,Tonga,LOC,0.175,0.0,de,4,-1,,,,,
Esmeraldas,Esmeraldas,LOC,0.19999999999999998,0.0625,de,4,-1,,,,,
Asiens,Asiens,LOC,0.35,0.5,de,4,-1,,,,,
Ankara,Ankara,LOC,0.0,0.0,de,4,-1,,,,,
Venezuelas,Venezuelas,LOC,0.0,0.0,de,4,-1,,,,,
Obersteiermark,Obersteiermark,LOC,0.35,0.0,de,4,-1,,,,,
Erdbeben am Mount Everest,Erdbeben am Mount Everest,LOC,0.175,0.25,de,4,-1,,,,,
Bezirk Wiener Neustadt,Bezirk Wiener Neustadt,LOC,0.0,0.0,de,4,-1,,,,,
Drakestraße,Drakestraße,LOC,0.7,0.0,de,4,-1,,,,,
Eurasiens,Eurasiens,LOC,0.0,0.0,de,4,-1,,,,,
Naturkatastrophen,Naturkatastrophen,LOC,-0.75,0.25,de,4,-1,,,,,
Smartphones,Smartphones,LOC,1.0,0.0,de,4,-1,,,,,
Russlands Küste,Russlands Küste,LOC,0.0,0.0,de,4,-1,,,,,
Ägypten,Ägypten,LOC,0.175,0.0,de,4,-1,,,,,
Starkes Erdbeben,Starkes Erdbeben,LOC,0.0,0.0,de,4,-1,,,,,
Bangladesch,Bangladesch,LOC,0.0,0.0,de,4,-1,,,,,
Bürgerkriegsland Myanmar,Bürgerkriegsland Myanmar,LOC,0.0,0.0,de,4,-1,,,,,
Shutterstock.com,Shutterstock.com,LOC,-0.037500000000000006,0.0,de,4,-1,,,,,
Pazifik-Region,Pazifik-Region,LOC,0.0,0.5,de,4,-1,,,,,
Erdbeben bei Istanbul,Erdbeben bei Istanbul,LOC,-0.75,0.0,de,4,-1,,,,,
Mexikos,Mexikos,LOC,0.5249999999999999,0.0,de,4,-1,,,,,
Tschechien,Tschechien,LOC,-0.175,0.0,de,4,-1,,,,,
Erdbeben in Vanuatu,Erdbeben in Vanuatu,LOC,0.0,0.0,de,4,-1,,,,,
Klingenthal,Klingenthal,LOC,0.0,0.0,de,4,-1,,,,,
Masar-i-Scharif,Masar-i-Scharif,LOC,-0.26249999999999996,0.125,de,4,-1,,,,,
Erdbeben in Pakistan,Erdbeben in Pakistan,LOC,0.0,0.0,de,4,-1,,,,,
Beben,Beben,LOC,0.175,0.0,de,4,-1,,,,,
Erdbeben-Überlebenden,Erdbeben-Überlebenden,LOC,-0.75,0.0,de,4,-1,,,,,
Schweres Erdbeben,Schweres Erdbeben,LOC,0.22499999999999998,0.125,de,4,-1,,,,,
Auswärtige Amt,Auswärtige Amt,LOC,-0.07500000000000001,0.0,de,4,-1,,,,,
Indonesien,Indonesien,LOC,0.175,0.0,de,4,-1,,,,,
Schönefeld,Schönefeld,LOC,0.4666666666666666,0.0,de,3,-1,,,,,
Disco-Dach,Disco-Dach,LOC,0.0,0.0,de,3,-1,,,,,
New York,New York,LOC,0.4666666666666666,0.0,de,3,-1,,,,,
Texas,Texas,LOC,-0.2333333333333333,0.0,de,3,-1,,,,,
Region Attika,Region Attika,LOC,0.4666666666666666,0.0,de,3,-1,,,,,
Weiße Haus,Weiße Haus,LOC,0.3499999999999999,0.0,de,3,-1,,,,,
Haus in Türkei,Haus in Türkei,LOC,-1.0,0.0,de,3,-1,,,,,
Bukarest,Bukarest,LOC,0.0,0.6666666666666666,de,3,-1,,,,,
Erdgasfeld,Erdgasfeld,LOC,0.0,0.0,de,3,-1,,,,,
Ampezzo,Ampezzo,LOC,0.2333333333333333,0.0,de,3,-1,,,,,
Krisenland,Krisenland,LOC,0.0,0.0,de,3,-1,,,,,
Naypyidaw,Naypyidaw,LOC,0.11666666666666665,0.0,de,3,-1,,,,,
Plündereien,Plündereien,LOC,0.0,0.0,de,3,-1,,,,,
Ferieninsel,Ferieninsel,LOC,0.3666666666666667,0.1111111111111111,de,3,-1,,,,,
Hilden,Hilden,LOC,-0.2333333333333333,0.0,de,3,-1,,,,,
Staaten,Staaten,LOC,-0.3499999999999999,0.16666666666666666,de,3,-1,,,,,
Ochsenknecht,Ochsenknecht,LOC,0.0,0.0,de,3,-1,,,,,
Bosporus,Bosporus,LOC,-0.2333333333333333,0.0,de,3,-1,,,,,
Nankai-Graben,Nankai-Graben,LOC,0.2333333333333333,0.0,de,3,-1,,,,,
griechischen Inseln,griechischen Inseln,LOC,0.2333333333333333,0.0,de,3,-1,,,,,
Geoforschungszentrum,Geoforschungszentrum,LOC,-0.5666666666666667,0.0,de,3,-1,,,,,
Lima,Lima,LOC,0.0,0.0,de,3,-1,,,,,
Supervulkan,Supervulkan,LOC,0.2333333333333333,0.0,de,3,-1,,,,,
Pompeji,Pompeji,LOC,0.4666666666666666,0.0,de,3,-1,,,,,
Kuba,Kuba,LOC,0.2333333333333333,0.0,de,3,-1,,,,,
Kiew,Kiew,LOC,0.11666666666666665,0.16666666666666666,de,3,-1,,,,,
Kamtschatka-Beben,Kamtschatka-Beben,LOC,0.0,0.0,de,3,-1,,,,,
Sibirien,Sibirien,LOC,0.2333333333333333,0.0,de,3,-1,,,,,
Kontinentalplatte,Kontinentalplatte,LOC,0.0,0.0,de,3,-1,,,,,
Spanien,Spanien,LOC,0.0,0.0,de,3,-1,,,,,
Sewero-Kurilsk,Sewero-Kurilsk,LOC,0.0,0.0,de,3,-1,,,,,
Russlands Halbinsel Kamtschatka,Russlands Halbinsel Kamtschatka,LOC,0.0,0.0,de,3,-1,,,,,
Wardenburg,Wardenburg,LOC,-0.2333333333333333,0.0,de,3,-1,,,,,
Niedersachsen,Niedersachsen,LOC,-0.9,0.0,de,3,-1,,,,,
Region Istanbul,Region Istanbul,LOC,0.0,0.0,de,3,-1,,,,,
Vulkan,Vulkan,LOC,0.7999999999999999,0.0,de,3,-1,,,,,
Provinzen,Provinzen,LOC,0.0,0.0,de,3,-1,,,,,
griechisc…,griechisc…,LOC,0.0,1.0,de,3,-1,,,,,
Erdbeben zwischen Türkei,Erdbeben zwischen Türkei,LOC,0.0,0.0,de,3,-1,,,,,
Zypern,Zypern,LOC,0.0,0.0,de,3,-1,,,,,
Bengkulu,Bengkulu,LOC,0.6999999999999998,0.0,de,3,-1,,,,,
San Francisco,San Francisco,LOC,-0.18333333333333332,0.0,de,3,-1,,,,,
Stromboli,Stromboli,LOC,0.7999999999999999,0.0,de,3,-1,,,,,
Taliban-Regierung,Taliban-Regierung,LOC,-0.9500000000000001,0.0,de,3,-1,,,,,
afghanischen Erdbebengebiet,afghanischen Erdbebengebiet,LOC,-0.9500000000000001,0.0,de,3,-1,,,,,
Tausend,Tausend,LOC,0.0,0.0,de,3,-1,,,,,
Land,Land,LOC,-0.35555555555555557,0.27777777777777773,de,3,-1,,,,,
Fernost-Region Kamtschatka,Fernost-Region Kamtschatka,LOC,0.4666666666666666,0.0,de,3,-1,,,,,
Halbinsel Kamtschatka,Halbinsel Kamtschatka,LOC,0.0,0.0,de,3,-1,,,,,
Waffenruhe,Waffenruhe,LOC,-0.2333333333333333,0.0,de,3,-1,,,,,
Haiti,Haiti,LOC,0.0,0.0,de,3,-1,,,,,
Syriens,Syriens,LOC,0.0,0.0,de,3,-1,,,,,
Baustellen,Baustellen,LOC,0.6999999999999998,0.0,de,3,-1,,,,,
Erdbeben vor Alaska,Erdbeben vor Alaska,LOC,0.0,0.0,de,3,-1,,,,,
Imst,Imst,LOC,0.0,0.0,de,3,-1,,,,,
Schwarmbeben,Schwarmbeben,LOC,0.0,0.0,de,3,-1,,,,,
Wörgl,Wörgl,LOC,0.0,0.0,de,3,-1,,,,,
Spaniens,Spaniens,LOC,0.2333333333333333,0.0,de,3,-1,,,,,
Vietnam,Vietnam,LOC,0.0,0.0,de,3,-1,,,,,
Seattle,Seattle,LOC,0.0,0.0,de,3,-1,,,,,
Sorge,Sorge,LOC,-0.4666666666666666,0.3333333333333333,de,3,-1,,,,,
Erdbeben in der Toskana,Erdbeben in der Toskana,LOC,0.0,0.0,de,3,-1,,,,,
Kykladeninseln,Kykladeninseln,LOC,-0.17499999999999996,0.0,de,3,-1,,,,,
Unterwasservulkan Kolumbo,Unterwasservulkan Kolumbo,LOC,-0.10000000000000002,0.26666666666666666,de,3,-1,,,,,
Kanton Wallis,Kanton Wallis,LOC,0.0,0.6666666666666666,de,3,-1,,,,,
Kykladen,Kykladen,LOC,-0.2333333333333333,0.0,de,3,-1,,,,,
München,München,LOC,0.0,0.0,de,3,-1,,,,,
Oktoberfest,Oktoberfest,LOC,0.0,0.0,de,3,-1,,,,,
Sächsischen Schweiz,Sächsischen Schweiz,LOC,0.0,0.0,de,3,-1,,,,,
Friaul,Friaul,LOC,0.4666666666666666,0.0,de,3,-1,,,,,
Kärntens,Kärntens,LOC,0.0,0.0,de,3,-1,,,,,
Erdbeben-Serie,Erdbeben-Serie,LOC,0.0,0.0,de,3,-1,,,,,
Stadt Shigatse,Stadt Shigatse,LOC,0.0,0.0,de,3,-1,,,,,
Brandenburg,Brandenburg,LOC,0.0,0.3333333333333333,de,3,-1,,,,,
Erdbeben: Starkes Erdbeben vor den Philippinen,Erdbeben: Starkes Erdbeben vor den Philippinen,LOC,0.6999999999999998,0.0,de,3,-1,,,,,
Himalaya,Himalaya,LOC,0.2333333333333333,0.3333333333333333,de,3,-1,,,,,
Amorgos,Amorgos,LOC,0.0,0.0,de,3,-1,,,,,
Gloggnitz,Gloggnitz,LOC,0.0,0.0,de,3,-1,,,,,
Petropawlowsk-Kamtschatski,Petropawlowsk-Kamtschatski,LOC,0.4666666666666666,0.0,de,3,-1,,,,,
Mega-Erdbeben,Mega-Erdbeben,LOC,0.0,0.0,de,3,-1,,,,,
Langem,Langem,LOC,-0.2888888888888889,0.0,de,3,-1,,,,,
Karachi,Karachi,LOC,0.0,0.0,de,3,-1,,,,,
Mindanao,Mindanao,LOC,-0.4666666666666666,0.0,de,3,-1,,,,,
Südinsel,Südinsel,LOC,0.4666666666666666,0.0,de,3,-1,,,,,
Pazifikstaat,Pazifikstaat,LOC,0.0,0.0,de,3,-1,,,,,
Erdbeben in Italien,Erdbeben in Italien,LOC,0.0,0.0,de,3,-1,,,,,
Erdbeben vor Kamtschatka,Erdbeben vor Kamtschatka,LOC,0.0,0.0,de,3,-1,,,,,
Golf von Neapel,Golf von Neapel,LOC,0.4666666666666666,0.0,de,3,-1,,,,,
San Diego,San Diego,LOC,0.05000000000000001,0.0,de,3,-1,,,,,
Dominikanischen Republik,Dominikanischen Republik,LOC,0.0,0.0,de,3,-1,,,,,
Istanbuls,Istanbuls,LOC,-0.26666666666666666,0.16666666666666666,de,3,-1,,,,,
AFAD,AFAD,LOC,0.0,0.0,de,3,-1,,,,,
Parks,Parks,LOC,0.6999999999999998,0.0,de,3,-1,,,,,
Wunder-Rettungen,Wunder-Rettungen,LOC,0.7166666666666667,0.0,de,3,-1,,,,,
Erdbeben in Bangkok,Erdbeben in Bangkok,LOC,0.0,0.0,de,3,-1,,,,,
Erdbeben bei Neapel,Erdbeben bei Neapel,LOC,-0.6666666666666666,0.0,de,3,-1,,,,,
Nordamerika,Nordamerika,LOC,-0.3333333333333333,0.0,de,3,-1,,,,,
Erdbeben in Neapel,Erdbeben in Neapel,LOC,0.0,0.0,de,3,-1,,,,,
Cloppenburg,Cloppenburg,LOC,0.0,0.0,de,2,-1,,,,,
Erdbeben im Südpazifik,Erdbeben im Südpazifik,LOC,0.0,0.0,de,2,-1,,,,,
Australien,Australien,LOC,0.35,0.0,de,2,-1,,,,,
Turmeinsturz,Turmeinsturz,LOC,-0.5,0.0,de,2,-1,,,,,
Turm Torre dei Conti,Turm Torre dei Conti,LOC,0.0,0.0,de,2,-1,,,,,
Kuala Lumpur,Kuala Lumpur,LOC,0.0,0.0,de,2,-1,,,,,
Erdbebenrisiken,Erdbebenrisiken,LOC,0.0,0.0,de,2,-1,,,,,
Mittwochmittag Istanbul,Mittwochmittag Istanbul,LOC,0.7,0.0,de,2,-1,,,,,
Silivri,Silivri,LOC,0.0,0.0,de,2,-1,,,,,
Bulgarien,Bulgarien,LOC,0.0,0.0,de,2,-1,,,,,
Ukraine,Ukraine,LOC,0.0,0.0,de,2,-1,,,,,
türkische Stadt,türkische Stadt,LOC,0.7,0.0,de,2,-1,,,,,
Seismografen,Seismografen,LOC,0.0,0.0,de,2,-1,,,,,
Bad Fischau-Brunn,Bad Fischau-Brunn,LOC,0.0,0.0,de,2,-1,,,,,
Tirol,Tirol,LOC,0.5,0.0,de,2,-1,,,,,
Kerkrade,Kerkrade,LOC,-0.07500000000000001,0.0,de,2,-1,,,,,
Region Shigatse,Region Shigatse,LOC,-0.35,0.0,de,2,-1,,,,,
Tsunami Lissabon,Tsunami Lissabon,LOC,0.0,0.0,de,2,-1,,,,,
Europas,Europas,LOC,0.0,0.0,de,2,-1,,,,,
Nepals,Nepals,LOC,0.0,0.0,de,2,-1,,,,,
Bezirk Sindirgi,Bezirk Sindirgi,LOC,0.0,0.0,de,2,-1,,,,,
Hamas,Hamas,LOC,0.0,0.0,de,2,-1,,,,,
Waidring,Waidring,LOC,0.5,0.0,de,2,-1,,,,,
Auswärtiges Amt,Auswärtiges Amt,LOC,0.0,0.0,de,2,-1,,,,,
Erdbeben auf Vanuatu,Erdbeben auf Vanuatu,LOC,0.0,0.0,de,2,-1,,,,,
Mehrstöckige Gebäude,Mehrstöckige Gebäude,LOC,0.0,0.0,de,2,-1,,,,,
Erdbeben im Pazifischen Ozean,Erdbeben im Pazifischen Ozean,LOC,0.0,0.0,de,2,-1,,,,,
Noto,Noto,LOC,0.0,0.0,de,2,-1,,,,,
Nordpazifik,Nordpazifik,LOC,0.35,0.0,de,2,-1,,,,,
Erdbeben im Iran,Erdbeben im Iran,LOC,0.07500000000000001,0.0,de,2,-1,,,,,
Naturkatas­trophen,Naturkatas­trophen,LOC,0.0,0.0,de,2,-1,,,,,
Region Neapel,Region Neapel,LOC,0.35,0.0,de,2,-1,,,,,
Erdbeben in Japan,Erdbeben in Japan,LOC,0.0,0.0,de,2,-1,,,,,
Erdbeben am Supervulkan,Erdbeben am Supervulkan,LOC,-0.35,0.0,de,2,-1,,,,,
Massenevakuierungen,Massenevakuierungen,LOC,-1.0,0.0,de,2,-1,,,,,
Apulien,Apulien,LOC,0.0,0.0,de,2,-1,,,,,
Naxos,Naxos,LOC,0.0,0.0,de,2,-1,,,,,
Spürbares Erdbeben,Spürbares Erdbeben,LOC,0.0,0.0,de,2,-1,,,,,
Hochhauseinsturz,Hochhauseinsturz,LOC,0.35,0.0,de,2,-1,,,,,
Aufruhr,Aufruhr,LOC,0.0,0.0,de,2,-1,,,,,
Erdbebenrisiko,Erdbebenrisiko,LOC,0.0,0.0,de,2,-1,,,,,
Evakuierungen,Evakuierungen,LOC,0.0,0.0,de,2,-1,,,,,
Mittelmeers,Mittelmeers,LOC,0.0,0.0,de,2,-1,,,,,
Oberfranken,Oberfranken,LOC,0.0,0.0,de,2,-1,,,,,
Polit-Sensation,Polit-Sensation,LOC,0.7,0.0,de,2,-1,,,,,
Küstenstreifens,Küstenstreifens,LOC,0.0,0.0,de,2,-1,,,,,
Sollenau,Sollenau,LOC,0.0,0.0,de,2,-1,,,,,
Bursa,Bursa,LOC,0.7,0.0,de,2,-1,,,,,
New Yorker,New Yorker,LOC,1.0,0.0,de,2,-1,,,,,
Berg Athos,Berg Athos,LOC,0.7,0.0,de,2,-1,,,,,
Asien Thailand,Asien Thailand,LOC,0.7,0.0,de,2,-1,,,,,
Indiens,Indiens,LOC,0.0,0.0,de,2,-1,,,,,
Irrawaddy,Irrawaddy,LOC,0.0,0.0,de,2,-1,,,,,
Portugals,Portugals,LOC,0.0,0.0,de,2,-1,,,,,
Brasilien,Brasilien,LOC,0.0,0.0,de,2,-1,,,,,
São Paulo,São Paulo,LOC,0.7,0.0,de,2,-1,,,,,
Japanerin,Japanerin,LOC,0.0,0.0,de,2,-1,,,,,
Griechenlands,Griechenlands,LOC,0.0,0.0,de,2,-1,,,,,
Oscar-Nacht,Oscar-Nacht,LOC,0.7,0.0,de,2,-1,,,,,
Telfs,Telfs,LOC,0.0,0.0,de,2,-1,,,,,
Weltuntergangsfisch,Weltuntergangsfisch,LOC,-1.0,0.0,de,2,-1,,,,,
Mannheim,Mannheim,LOC,0.0,0.0,de,2,-1,,,,,
Menschenmenge,Menschenmenge,LOC,0.0,0.0,de,2,-1,,,,,
Honduras,Honduras,LOC,0.0,0.0,de,2,-1,,,,,
Vulkanforscher,Vulkanforscher,LOC,-1.0,0.0,de,2,-1,,,,,
Juneau,Juneau,LOC,0.0,0.0,de,2,-1,,,,,
Stadt Antakya,Stadt Antakya,LOC,0.0,0.0,de,2,-1,,,,,
Mini-Erdbeben,Mini-Erdbeben,LOC,0.0,1.0,de,2,-1,,,,,
Eissturz,Eissturz,LOC,0.0,0.5,de,2,-1,,,,,
Akw Fukushima,Akw Fukushima,LOC,0.0,0.0,de,2,-1,,,,,
Honolulu,Honolulu,LOC,-0.35,0.0,de,2,-1,,,,,
AKW Fukushima,AKW Fukushima,LOC,-0.25,0.25,de,2,-1,,,,,
Guatemala,Guatemala,LOC,-0.5,0.0,de,2,-1,,,,,
KI-Branche,KI-Branche,LOC,0.0,0.0,de,2,-1,,,,,
Deutschlands,Deutschlands,LOC,-0.7,0.0,de,2,-1,,,,,
kroatischen Adriaküste,kroatischen Adriaküste,LOC,0.0,0.0,de,2,-1,,,,,
Erdbeben-Vorhersagen,Erdbeben-Vorhersagen,LOC,-0.35,0.0,de,2,-1,,,,,
Sagaing-Verwerfung,Sagaing-Verwerfung,LOC,-0.425,0.0,de,2,-1,,,,,
Erdbeben Südostasien,Erdbeben Südostasien,LOC,0.35,0.0,de,2,-1,,,,,
Starkes Erdbeben in der Region,Starkes Erdbeben in der Region,LOC,0.7,0.0,de,2,-1,,,,,
Epizentralbereich,Epizentralbereich,LOC,-0.15000000000000002,0.0,de,2,-1,,,,,
Malir-Gefängnis,Malir-Gefängnis,LOC,0.0,1.0,de,2,-1,,,,,
Trabzon,Trabzon,LOC,0.175,0.25,de,2,-1,,,,,
Babenhausen,Babenhausen,LOC,0.0,0.0,de,2,-1,,,,,
Bogota,Bogota,LOC,0.7,0.0,de,2,-1,,,,,
Kolumbiens,Kolumbiens,LOC,0.7,0.0,de,2,-1,,,,,
nan Bei,nan Bei,LOC,0.0,0.0,de,2,-1,,,,,
Kretas,Kretas,LOC,0.0,0.5,de,2,-1,,,,,
Heraklion,Heraklion,LOC,0.0,0.0,de,2,-1,,,,,
M…,M…,LOC,0.5,0.0,de,2,-1,,,,,
Erdbeben vor Russlands Halbinsel Kamtschatka,Erdbeben vor Russlands Halbinsel Kamtschatka,LOC,-1.0,0.0,de,2,-1,,,,,
Aufregung,Aufregung,LOC,-0.5249999999999999,0.25,de,2,-1,,,,,
Russlands Pazifikregion,Russlands Pazifikregion,LOC,0.0,1.0,de,2,-1,,,,,
Amerikas,Amerikas,LOC,0.0,1.0,de,2,-1,,,,,
russischen Halbinsel,russischen Halbinsel,LOC,0.0,0.0,de,2,-1,,,,,
Feuer,Feuer,LOC,0.0,0.0,de,2,-1,,,,,
Erdbeben im Stillen,Erdbeben im Stillen,LOC,0.0,0.0,de,2,-1,,,,,
Kanton Bern,Kanton Bern,LOC,0.7,0.0,de,2,-1,,,,,
Erdbebenwarnungen,Erdbebenwarnungen,LOC,0.7,0.0,de,2,-1,,,,,
Äolischen Inseln,Äolischen Inseln,LOC,0.0,0.0,de,2,-1,,,,,
Messina,Messina,LOC,0.0,0.0,de,2,-1,,,,,
Palermo,Palermo,LOC,0.0,0.0,de,2,-1,,,,,
Siziliens,Siziliens,LOC,0.35,0.0,de,2,-1,,,,,
italienischen Inseln,italienischen Inseln,LOC,0.0,0.0,de,2,-1,,,,,
italienische Inseln,italienische Inseln,LOC,0.35,0.0,de,2,-1,,,,,
George Town,George Town,LOC,1.0,0.0,de,2,-1,,,,,
30-stöckigen Hochhauses,30-stöckigen Hochhauses,LOC,0.0,0.0,de,2,-1,,,,,
Urlaubsregion,Urlaubsregion,LOC,0.0,0.5,de,2,-1,,,,,
Peloponnes,Peloponnes,LOC,0.0,0.0,de,2,-1,,,,,
Schweizer Alpen,Schweizer Alpen,LOC,0.7,0.0,de,2,-1,,,,,
Hokkaido,Hokkaido,LOC,0.7,0.0,de,2,-1,,,,,
Stadt Marmaris,Stadt Marmaris,LOC,0.0,0.0,de,2,-1,,,,,
Meeresoberfläche,Meeresoberfläche,LOC,0.0,1.0,de,2,-1,,,,,
Bangen,Bangen,LOC,-1.0,0.0,de,2,-1,,,,,
Erdbeben-Vermisste,Erdbeben-Vermisste,LOC,0.0,0.0,de,2,-1,,,,,
Erdbebengebiet in Südostasien,Erdbebengebiet in Südostasien,LOC,0.0,0.0,de,2,-1,,,,,
Izmir,Izmir,LOC,0.0,0.5,de,2,-1,,,,,
Innsbruck,Innsbruck,LOC,0.0,0.0,de,2,-1,,,,,
Pazifikraumes,Pazifikraumes,LOC,-0.35,0.0,de,2,-1,,,,,
Kreuzfahrt-Touristen,Kreuzfahrt-Touristen,LOC,-0.5,0.0,de,2,-1,,,,,
Stadt Tokio,Stadt Tokio,LOC,0.0,0.0,de,2,-1,,,,,
Pazifik-Anrainerstaaten,Pazifik-Anrainerstaaten,LOC,-0.35,0.0,de,2,-1,,,,,
Erdbeben auf der Halbinsel Kamtschatka,Erdbeben auf der Halbinsel Kamtschatka,LOC,0.0,0.0,de,2,-1,,,,,
Kurilen-Inseln,Kurilen-Inseln,LOC,0.7,0.0,de,2,-1,,,,,
Litauens,Litauens,LOC,0.0,0.0,de,2,-1,,,,,
Japans Küste,Japans Küste,LOC,-0.35,0.0,de,2,-1,,,,,
Ägäischen Meeres,Ägäischen Meeres,LOC,-0.7,0.0,de,2,-1,,,,,
Ägäischen Meer,Ägäischen Meer,LOC,0.08750000000000002,0.0,de,2,-1,,,,,
Judenburg,Judenburg,LOC,0.0,0.0,de,2,-1,,,,,
Kopiere,Kopiere,LOC,-0.7083333333333333,0.16666666666666666,de,2,-1,,,,,
Kolumbo,Kolumbo,LOC,0.0,0.0,de,2,-1,,,,,
Containern,Containern,LOC,0.0,0.0,de,2,-1,,,,,
Trauminsel,Trauminsel,LOC,-0.35,0.0,de,2,-1,,,,,
Unterg,Unterg,LOC,-1.0,0.0,de,2,-1,,,,,
Bayern,Bayern,LOC,0.0,0.5,de,2,-1,,,,,
Nacht,Nacht,LOC,0.7,0.0,de,2,-1,,,,,
Mallorca,Mallorca,LOC,0.35,0.0,de,2,-1,,,,,
Insulaner,Insulaner,LOC,-0.7,0.0,de,2,-1,,,,,
Santorini-Archipels,Santorini-Archipels,LOC,-0.5249999999999999,0.25,de,2,-1,,,,,
Elbtal,Elbtal,LOC,0.0,0.0,de,2,-1,,,,,
Milorad,Milorad,LOC,-0.5,0.5,de,2,-1,,,,,
Erdstoßes,Erdstoßes,LOC,0.0,0.0,de,2,-1,,,,,
US-Präsident,US-Präsident,LOC,-0.5041666666666667,0.0,de,2,-1,,,,,
Alpen,Alpen,LOC,0.0,0.0,de,2,-1,,,,,
Region Sagaing,Region Sagaing,LOC,0.0,0.0,de,2,-1,,,,,
Kairo,Kairo,LOC,0.27499999999999997,0.0,de,2,-1,,,,,
Potsdamer,Potsdamer,LOC,0.0,0.0,de,2,-1,,,,,
Erdbeben hat Südostasien,Erdbeben hat Südostasien,LOC,0.7,0.0,de,2,-1,,,,,
Erdbebenkatastrophe in Myanmar,Erdbebenkatastrophe in Myanmar,LOC,0.0,0.0,de,2,-1,,,,,
Myanmar-Beben,Myanmar-Beben,LOC,0.0,0.0,de,2,-1,,,,,
Trü…,Trü…,LOC,0.0,1.0,de,2,-1,,,,,
Erdbeben im Osten,Erdbeben im Osten,LOC,-1.0,0.0,de,2,-1,,,,,
Atomtests,Atomtests,LOC,0.0,0.0,de,2,-1,,,,,
Vesuv,Vesuv,LOC,0.5,0.0,de,2,-1,,,,,
Kumamoto,Kumamoto,LOC,0.5,0.16666666666666666,de,2,-1,,,,,
Newcastle,Newcastle,LOC,0.35,0.0,de,2,-1,,,,,
Nangarhar,Nangarhar,LOC,-0.5,0.0,de,2,-1,,,,,
Behördenangaben der,Behördenangaben der,LOC,-1.0,0.0,de,2,-1,,,,,
einemr Erdbebenserie,einemr Erdbebenserie,LOC,0.0,0.0,de,2,-1,,,,,
Provin,Provin,LOC,0.0,1.0,de,2,-1,,,,,
Erdbeben in der Provinz,Erdbeben in der Provinz,LOC,0.0,0.0,de,2,-1,,,,,
Wertsicherungsklauseln,Wertsicherungsklauseln,LOC,0.0,0.0,de,2,-1,,,,,
Rybachiy,Rybachiy,LOC,0.35,0.0,de,2,-1,,,,,
Pfunds,Pfunds,LOC,0.0,0.0,de,2,-1,,,,,
griechischen Insel,griechischen Insel,LOC,0.7,0.0,de,2,-1,,,,,
Altadena,Altadena,LOC,0.175,0.25,de,2,-1,,,,,
Erdbeben:,Erdbeben:,LOC,0.0,0.0,de,2,-1,,,,,
Bangkoks,Bangkoks,LOC,0.0,0.0,de,2,-1,,,,,
Bremer,Bremer,LOC,0.35,0.0,de,2,-1,,,,,
Ushuaia,Ushuaia,LOC,0.0,0.0,de,2,-1,,,,,
Santiago de Chile,Santiago de Chile,LOC,0.0,0.0,de,2,-1,,,,,
Buenos Aires,Buenos Aires,LOC,0.0,0.0,de,2,-1,,,,,
Wohl,Wohl,LOC,0.0,0.0,de,2,-1,,,,,
Festlands,Festlands,LOC,0.0,0.0,de,2,-1,,,,,
Thessaloniki,Thessaloniki,LOC,0.35,0.0,de,2,-1,,,,,
Istanbuler,Istanbuler,LOC,-0.25,0.25,de,2,-1,,,,,
Sagaing,Sagaing,LOC,0.0,0.0,de,2,-1,,,,,
Brüssel,Brüssel,LOC,0.0,0.0,de,2,-1,,,,,
Rettungsmaterialien,Rettungsmaterialien,LOC,-0.7,0.0,de,2,-1,,,,,
Land Alarm,Land Alarm,LOC,-1.0,0.0,de,2,-1,,,,,
Zentralmyanmar,Zentralmyanmar,LOC,0.0,0.0,de,2,-1,,,,,
Kölner Bucht,Kölner Bucht,LOC,-1.0,0.0,de,2,-1,,,,,
Oberrheingraben,Oberrheingraben,LOC,-1.0,0.0,de,2,-1,,,,,
NÖ,NÖ,LOC,0.0,0.0,de,2,-1,,,,,
Großraum San Francisco,Großraum San Francisco,LOC,0.0,0.0,de,2,-1,,,,,
Nachbarinseln,Nachbarinseln,LOC,-0.35,0.0,de,2,-1,,,,,
US-Amerikaner,US-Amerikaner,LOC,-0.35,0.0,de,2,-1,,,,,
Provinz Neapel,Provinz Neapel,LOC,0.0,0.0,de,2,-1,,,,,
Trauma-Expertin,Trauma-Expertin,LOC,0.0,1.0,de,2,-1,,,,,
Bezirk Murtal,Bezirk Murtal,LOC,0.0,0.0,de,2,-1,,,,,
Mitteldeutschland,Mitteldeutschland,LOC,0.0,0.0,de,2,-1,,,,,
Hochtouren,Hochtouren,LOC,0.0,0.0,de,2,-1,,,,,
Atlantiks,Atlantiks,LOC,-0.5,0.0,de,2,-1,,,,,
Zivilschutzes,Zivilschutzes,LOC,-0.425,0.0,de,2,-1,,,,,
philippinischen Inseln,philippinischen Inseln,LOC,0.7,0.0,de,2,-1,,,,,
Millionenmetropole Istanbul,Millionenmetropole Istanbul,LOC,0.35,0.0,de,2,-1,,,,,
Atlantik,Atlantik,LOC,0.0,0.0,de,2,-1,,,,,
Manay,Manay,LOC,0.0,0.0,de,2,-1,,,,,
Nea,Nea,LOC,0.0,0.0,de,2,-1,,,,,
Vogtlandkreis,Vogtlandkreis,LOC,0.0,0.0,de,2,-1,,,,,
Miyazaki,Miyazaki,LOC,0.0,0.0,de,2,-1,,,,,
Kyushu,Kyushu,LOC,0.0,0.0,de,2,-1,,,,,
Japaner,Japaner,LOC,0.0,0.0,de,2,-1,,,,,
Magnituden-Erdbebens,Magnituden-Erdbebens,LOC,-0.175,0.25,de,2,-1,,,,,
Gesundheitskrise,Gesundheitskrise,LOC,0.0,0.0,de,2,-1,,,,,
Erdbeben im Krisenland Myanmar,Erdbeben im Krisenland Myanmar,LOC,0.0,0.0,de,2,-1,,,,,
UN-Schätzungen,UN-Schätzungen,LOC,-0.175,0.75,de,2,-1,,,,,
Hagia Sophia Moschee,Hagia Sophia Moschee,LOC,0.0,0.0,de,2,-1,,,,,
Masseneinäscherungen,Masseneinäscherungen,LOC,-0.35,0.0,de,2,-1,,,,,
Erdbeben-Gebiet,Erdbeben-Gebiet,LOC,0.0,0.0,de,2,-1,,,,,
Erdbeben bei Oldenburg -,Erdbeben bei Oldenburg -,LOC,0.0,0.0,de,2,-1,,,,,
B…,B…,LOC,-0.5,0.0,de,2,-1,,,,,
Unterseekabel,Unterseekabel,LOC,0.7,0.0,de,2,-1,,,,,
Ostsee,Ostsee,LOC,0.7,0.0,de,2,-1,,,,,
Kremls,Kremls,LOC,0.0,0.0,de,2,-1,,,,,
Bezirk Neunkirchen,Bezirk Neunkirchen,LOC,0.0,0.0,de,2,-1,,,,,
Nachbarstaaten,Nachbarstaaten,LOC,0.0,0.0,de,2,-1,,,,,
Erdstössen,Erdstössen,LOC,0.0,0.0,de,2,-1,,,,,
Tingri,Tingri,LOC,0.0,0.0,de,2,-1,,,,,
Nordrhein-Westfalen,Nordrhein-Westfalen,LOC,0.0,0.0,de,2,-1,,,,,
Provinz Davao Oriental,Provinz Davao Oriental,LOC,0.0,0.0,de,2,-1,,,,,
Sumatras,Sumatras,LOC,0.0,0.0,de,1,-1,,,,,
Südpazifik s,Südpazifik s,LOC,0.0,0.0,de,1,-1,,,,,
Südsee-Beben,Südsee-Beben,LOC,0.0,0.0,de,1,-1,,,,,
Vanuatus,Vanuatus,LOC,0.0,0.0,de,1,-1,,,,,
Erdbeben bei Waidring,Erdbeben bei Waidring,LOC,0.0,0.0,de,1,-1,,,,,
Schweres Erdbeben und Nachbeben,Schweres Erdbeben und Nachbeben,LOC,-0.7,0.0,de,1,-1,,,,,
Neu-Ulm,Neu-Ulm,LOC,-0.7,0.0,de,1,-1,,,,,
Gebze,Gebze,LOC,0.0,0.0,de,1,-1,,,,,
Kocaeli,Kocaeli,LOC,0.0,0.0,de,1,-1,,,,,
National Hurricane Centers,National Hurricane Centers,LOC,0.0,0.0,de,1,-1,,,,,
Florida,Florida,LOC,0.0,0.0,de,1,-1,,,,,
Neunkirchen,Neunkirchen,LOC,0.0,0.0,de,1,-1,,,,,
Avellino,Avellino,LOC,0.7,0.0,de,1,-1,,,,,
Camorra,Camorra,LOC,0.0,0.0,de,1,-1,,,,,
Neapels,Neapels,LOC,0.0,0.0,de,1,-1,,,,,
Caivano,Caivano,LOC,0.0,0.0,de,1,-1,,,,,
Schüssen,Schüssen,LOC,1.0,0.0,de,1,-1,,,,,
Oste,Oste,LOC,0.0,1.0,de,1,-1,,,,,
Kaliforniens,Kaliforniens,LOC,0.0,0.0,de,1,-1,,,,,
Erdbeben in der Region Shigatse,Erdbeben in der Region Shigatse,LOC,-1.0,0.0,de,1,-1,,,,,
s…,s…,LOC,0.0,0.0,de,1,-1,,,,,
Frankreich,Frankreich,LOC,0.0,0.0,de,1,-1,,,,,
Südwest… Bei,Südwest… Bei,LOC,0.0,0.0,de,1,-1,,,,,
unterschiedli,unterschiedli,LOC,0.0,0.0,de,1,-1,,,,,
Lhasa,Lhasa,LOC,0.0,0.0,de,1,-1,,,,,
Nordindien,Nordindien,LOC,0.0,0.0,de,1,-1,,,,,
Himalaja,Himalaja,LOC,0.0,0.0,de,1,-1,,,,,
US-Regierung,US-Regierung,LOC,-1.0,0.0,de,1,-1,,,,,
Chicago,Chicago,LOC,-1.0,0.0,de,1,-1,,,,,
Bongbong,Bongbong,LOC,-0.15000000000000002,0.0,de,1,-1,,,,,
Le…,Le…,LOC,0.0,0.0,de,1,-1,,,,,
Bogo,Bogo,LOC,0.0,0.0,de,1,-1,,,,,
W…,W…,LOC,0.0,0.0,de,1,-1,,,,,
Himalaya-Gebirges,Himalaya-Gebirges,LOC,0.0,1.0,de,1,-1,,,,,
Everest,Everest,LOC,0.0,0.0,de,1,-1,,,,,
Dortmund,Dortmund,LOC,-0.7,0.0,de,1,-1,,,,,
Wahl-Erdbeben,Wahl-Erdbeben,LOC,0.0,0.0,de,1,-1,,,,,
Stadt San Remigio,Stadt San Remigio,LOC,0.7,0.0,de,1,-1,,,,,
Provinz Cebu,Provinz Cebu,LOC,0.0,0.0,de,1,-1,,,,,
Leichens,Leichens,LOC,0.0,0.0,de,1,-1,,,,,
Be…,Be…,LOC,0.0,0.0,de,1,-1,,,,,
Rumänien,Rumänien,LOC,0.0,1.0,de,1,-1,,,,,
Israels,Israels,LOC,0.0,0.0,de,1,-1,,,,,
Trümme,Trümme,LOC,-0.10000000000000002,0.3333333333333333,de,1,-1,,,,,
Wei…,Wei…,LOC,0.35,0.0,de,1,-1,,,,,
Erdbeben von Lissabon,Erdbeben von Lissabon,LOC,0.0,0.0,de,1,-1,,,,,
Küstenregionen sol…,Küstenregionen sol…,LOC,-0.85,0.0,de,1,-1,,,,,
Provinz Davao,Provinz Davao,LOC,0.0,0.0,de,1,-1,,,,,
Zerstörerisches Beben,Zerstörerisches Beben,LOC,-1.0,0.0,de,1,-1,,,,,
Butuan,Butuan,LOC,0.0,0.0,de,1,-1,,,,,
Sprengsatz-Al,Sprengsatz-Al,LOC,0.0,0.0,de,1,-1,,,,,
Militä…,Militä…,LOC,-0.5666666666666667,0.3333333333333333,de,1,-1,,,,,
Krankheitsausbrüchen,Krankheitsausbrüchen,LOC,-0.3333333333333333,0.0,de,1,-1,,,,,
Kopenhagen,Kopenhagen,LOC,0.0,0.0,de,1,-1,,,,,
A…,A…,LOC,0.0,0.0,de,1,-1,,,,,
Erdbeben Waffenruhe,Erdbeben Waffenruhe,LOC,0.0,0.0,de,1,-1,,,,,
Niedersachsens,Niedersachsens,LOC,0.0,0.0,de,1,-1,,,,,
zwisc,zwisc,LOC,0.0,0.0,de,1,-1,,,,,
Erdbeben bei Oldenburg,Erdbeben bei Oldenburg,LOC,-0.7,0.0,de,1,-1,,,,,
Marmara-Meer,Marmara-Meer,LOC,-0.35,0.5,de,1,-1,,,,,
Silivr…,Silivr…,LOC,0.0,0.0,de,1,-1,,,,,
Istanb,Istanb,LOC,0.0,0.0,de,1,-1,,,,,
Mand,Mand,LOC,-0.35,0.5,de,1,-1,,,,,
Zentral-Myanm,Zentral-Myanm,LOC,0.0,0.0,de,1,-1,,,,,
Bangkok-Beben,Bangkok-Beben,LOC,0.0,0.0,de,1,-1,,,,,
Erdbebentrümmern,Erdbebentrümmern,LOC,0.7,0.0,de,1,-1,,,,,
Mandalay erschüt,Mandalay erschüt,LOC,0.0,0.0,de,1,-1,,,,,
Auschwitz,Auschwitz,LOC,0.0,0.0,de,1,-1,,,,,
Birkenau,Birkenau,LOC,0.0,0.0,de,1,-1,,,,,
türkischen Millionenmetropole,türkischen Millionenmetropole,LOC,0.0,0.0,de,1,-1,,,,,
Istan,Istan,LOC,0.35,0.5,de,1,-1,,,,,
EU-Bußgelder,EU-Bußgelder,LOC,0.0,0.0,de,1,-1,,,,,
Digitalkonzerne,Digitalkonzerne,LOC,0.0,0.0,de,1,-1,,,,,
Erdbeben Istanbul,Erdbeben Istanbul,LOC,0.7,0.0,de,1,-1,,,,,
Erdbeben der Stärke,Erdbeben der Stärke,LOC,0.0,1.0,de,1,-1,,,,,
Bur,Bur,LOC,0.0,0.0,de,1,-1,,,,,
eingestürztem Erdbeben-Hochhaus,eingestürztem Erdbeben-Hochhaus,LOC,0.0,0.0,de,1,-1,,,,,
Erdbeben von Thailand,Erdbeben von Thailand,LOC,0.0,0.0,de,1,-1,,,,,
südosta… Kopiere,südosta… Kopiere,LOC,-0.5666666666666667,0.3333333333333333,de,1,-1,,,,,
Stadt Mandalay,Stadt Mandalay,LOC,-0.48,0.4,de,1,-1,,,,,
Vi…,Vi…,LOC,0.0,0.0,de,1,-1,,,,,
Holocaust-Überlebende,Holocaust-Überlebende,LOC,0.0,0.0,de,1,-1,,,,,
Gaza-Geiseln,Gaza-Geiseln,LOC,0.0,0.0,de,1,-1,,,,,
Hilfe.</li><li,Hilfe.</li><li,LOC,0.7,0.0,de,1,-1,,,,,
City Hospital Mandalay,City Hospital Mandalay,LOC,0.0,0.0,de,1,-1,,,,,
Vorher-nachher-Vergleiche,Vorher-nachher-Vergleiche,LOC,0.0,0.0,de,1,-1,,,,,
Malaysia,Malaysia,LOC,0.0,0.0,de,1,-1,,,,,
Pu…,Pu…,LOC,0.0,0.0,de,1,-1,,,,,
US-Hilfen,US-Hilfen,LOC,-0.7,0.0,de,1,-1,,,,,
Yangon,Yangon,LOC,0.0,0.0,de,1,-1,,,,,
Erdbeben in Burma,Erdbeben in Burma,LOC,0.0,0.0,de,1,-1,,,,,
Marokko,Marokko,LOC,0.0,0.0,de,1,-1,,,,,
Vorarlberger,Vorarlberger,LOC,0.0,1.0,de,1,-1,,,,,
Vorarlberg,Vorarlberg,LOC,0.0,0.0,de,1,-1,,,,,
Dachpools,Dachpools,LOC,-0.35,0.5,de,1,-1,,,,,
Bangko…,Bangko…,LOC,0.0,0.0,de,1,-1,,,,,
Erdbebenofpern,Erdbebenofpern,LOC,-0.7,0.0,de,1,-1,,,,,
Yango,Yango,LOC,0.0,0.0,de,1,-1,,,,,
Katastrophengebiet von Myanmar,Katastrophengebiet von Myanmar,LOC,0.0,0.0,de,1,-1,,,,,
Beben von Istanbul,Beben von Istanbul,LOC,0.7,0.0,de,1,-1,,,,,
Erdbeben in Ecuador,Erdbeben in Ecuador,LOC,0.0,0.0,de,1,-1,,,,,
Erdbebenwarte,Erdbebenwarte,LOC,0.0,0.0,de,1,-1,,,,,
Erdbeben im Marmarameer,Erdbeben im Marmarameer,LOC,0.0,0.0,de,1,-1,,,,,
St. Georgen ob Judenburg,St. Georgen ob Judenburg,LOC,0.0,0.0,de,1,-1,,,,,
Seferovic-Fan,Seferovic-Fan,LOC,0.0,0.0,de,1,-1,,,,,
Erdbeben in Nepal,Erdbeben in Nepal,LOC,0.7,0.0,de,1,-1,,,,,
Erdbeben in Algerien,Erdbeben in Algerien,LOC,0.0,0.0,de,1,-1,,,,,
D…,D…,LOC,-0.7,0.0,de,1,-1,,,,,
30-stöckigen Rohbau,30-stöckigen Rohbau,LOC,0.0,0.0,de,1,-1,,,,,
d…,d…,LOC,0.0,0.0,de,1,-1,,,,,
türkisch,türkisch,LOC,0.0,0.0,de,1,-1,,,,,
Erderschütterungen,Erderschütterungen,LOC,0.0,0.0,de,1,-1,,,,,
Stadt Istanbul,Stadt Istanbul,LOC,0.0,0.0,de,1,-1,,,,,
Erdbeben erschüttern Istanbul,Erdbeben erschüttern Istanbul,LOC,-0.7,0.0,de,1,-1,,,,,
Südam,Südam,LOC,0.7,0.0,de,1,-1,,,,,
Taiwan is…,Taiwan is…,LOC,0.0,0.0,de,1,-1,,,,,
Pangai i…,Pangai i…,LOC,0.0,0.0,de,1,-1,,,,,
Great Wall Hotel,Great Wall Hotel,LOC,0.0,0.0,de,1,-1,,,,,
Bürgerkriegsgebiet,Bürgerkriegsgebiet,LOC,0.0,0.0,de,1,-1,,,,,
Flipf,Flipf,LOC,0.0,0.0,de,1,-1,,,,,
Erdbeben am Freitag,Erdbeben am Freitag,LOC,0.0,0.0,de,1,-1,,,,,
Millionenstadt Mandalay,Millionenstadt Mandalay,LOC,0.0,1.0,de,1,-1,,,,,
Retterinnen,Retterinnen,LOC,0.0,0.0,de,1,-1,,,,,
Krisenland Myanmar,Krisenland Myanmar,LOC,0.0,0.0,de,1,-1,,,,,
(dpa),(dpa),LOC,-0.7,0.0,de,1,-1,,,,,
Yangon Nie,Yangon Nie,LOC,-0.7,0.0,de,1,-1,,,,,
Myanmar re,Myanmar re,LOC,0.0,0.0,de,1,-1,,,,,
Straße,Straße,LOC,0.35,0.0,de,1,-1,,,,,
Thailand un…,Thailand un…,LOC,0.0,0.0,de,1,-1,,,,,
Epiz…,Epiz…,LOC,0.0,0.0,de,1,-1,,,,,
E…,E…,LOC,0.0,0.0,de,1,-1,,,,,
Erdbeben am Gardasee,Erdbeben am Gardasee,LOC,0.0,0.0,de,1,-1,,,,,
Fry,Fry,LOC,0.0,0.0,de,1,-1,,,,,
Mittelmeer-Region,Mittelmeer-Region,LOC,0.7,0.0,de,1,-1,,,,,
Imamoğlu,Imamoğlu,LOC,0.0,0.0,de,1,-1,,,,,
Erdbebenalarm,Erdbebenalarm,LOC,-0.7,0.0,de,1,-1,,,,,
Kos,Kos,LOC,0.0,0.0,de,1,-1,,,,,
Südafrika,Südafrika,LOC,0.0,0.0,de,1,-1,,,,,
Katastrophenregion,Katastrophenregion,LOC,0.0,0.0,de,1,-1,,,,,
Gasleck,Gasleck,LOC,0.0,0.0,de,1,-1,,,,,
Erdbeben-Gebiet Istanbul,Erdbeben-Gebiet Istanbul,LOC,0.7,0.0,de,1,-1,,,,,
Seismologe,Seismologe,LOC,-0.7,0.0,de,1,-1,,,,,
Moriwaki,Moriwaki,LOC,0.0,0.0,de,1,-1,,,,,
Blic,Blic,LOC,0.0,0.0,de,1,-1,,,,,
Erschütt,Erschütt,LOC,0.0,0.0,de,1,-1,,,,,
Gebäudeeinsturz,Gebäudeeinsturz,LOC,0.0,0.0,de,1,-1,,,,,
st…,st…,LOC,0.0,0.0,de,1,-1,,,,,
Köln,Köln,LOC,0.0,0.0,de,1,-1,,,,,
Steirer Wolfgang Wedan,Steirer Wolfgang Wedan,LOC,0.0,0.0,de,1,-1,,,,,
Kambodscha,Kambodscha,LOC,0.0,0.0,de,1,-1,,,,,
spr…,spr…,LOC,0.0,0.0,de,1,-1,,,,,
Deutschen Reiseverband,Deutschen Reiseverband,LOC,0.7,0.0,de,1,-1,,,,,
Dänemark,Dänemark,LOC,0.0,0.0,de,1,-1,,,,,
Grönland,Grönland,LOC,0.0,0.0,de,1,-1,,,,,
Zentral-Myanmar,Zentral-Myanmar,LOC,0.0,0.0,de,1,-1,,,,,
Blatten,Blatten,LOC,0.7,0.0,de,1,-1,,,,,
Athener Fo,Athener Fo,LOC,0.0,0.0,de,1,-1,,,,,
Ista,Ista,LOC,0.0,0.0,de,1,-1,,,,,
Côte d’Azur,Côte d’Azur,LOC,-1.0,0.0,de,1,-1,,,,,
Katastrophenschutzbehö,Katastrophenschutzbehö,LOC,0.0,0.0,de,1,-1,,,,,
Stoßes,Stoßes,LOC,0.0,0.0,de,1,-1,,,,,
Verwüstete Wohngebiete,Verwüstete Wohngebiete,LOC,0.0,1.0,de,1,-1,,,,,
US-,US-,LOC,-0.7,0.0,de,1,-1,,,,,
Unterwasser-Vulkan,Unterwasser-Vulkan,LOC,0.0,0.0,de,1,-1,,,,,
Online-Abo,Online-Abo,LOC,0.0,0.0,de,1,-1,,,,,
Morg,Morg,LOC,0.0,0.0,de,1,-1,,,,,
Erdbeben an türkischer Westküste,Erdbeben an türkischer Westküste,LOC,0.0,0.0,de,1,-1,,,,,
griechi…,griechi…,LOC,0.0,1.0,de,1,-1,,,,,
Mega-Beben Kalifornien,Mega-Beben Kalifornien,LOC,0.0,0.0,de,1,-1,,,,,
Atomkraftwerk Fukushima Daiichi,Atomkraftwerk Fukushima Daiichi,LOC,1.0,0.0,de,1,-1,,,,,
Bergsturz,Bergsturz,LOC,0.7,0.0,de,1,-1,,,,,
Junta-Chef,Junta-Chef,LOC,0.0,0.0,de,1,-1,,,,,
Großbritannien,Großbritannien,LOC,-0.7,0.0,de,1,-1,,,,,
Schuttberg,Schuttberg,LOC,0.0,0.0,de,1,-1,,,,,
Universität Bremen,Universität Bremen,LOC,0.0,0.0,de,1,-1,,,,,
Bundesrepublik,Bundesrepublik,LOC,0.0,0.0,de,1,-1,,,,,
Bundesrepublik Deutschland,Bundesrepublik Deutschland,LOC,0.0,0.0,de,1,-1,,,,,
16-Millionen-Stadt Istanbul,16-Millionen-Stadt Istanbul,LOC,0.7,0.0,de,1,-1,,,,,
Fatih,Fatih,LOC,0.7,0.0,de,1,-1,,,,,
Irans,Irans,LOC,-0.85,0.0,de,1,-1,,,,,
Phleg…,Phleg…,LOC,0.0,0.0,de,1,-1,,,,,
Super-Vulkan,Super-Vulkan,LOC,0.0,0.0,de,1,-1,,,,,
Medienber,Medienber,LOC,-0.7,0.0,de,1,-1,,,,,
Wissen,Wissen,LOC,0.0,0.0,de,1,-1,,,,,
Ba… nan,Ba… nan,LOC,0.0,0.0,de,1,-1,,,,,
Erdbeben betroffenen Land Myanmar,Erdbeben betroffenen Land Myanmar,LOC,-0.85,0.0,de,1,-1,,,,,
Dämme,Dämme,LOC,0.0,0.0,de,1,-1,,,,,
Küste d…,Küste d…,LOC,0.0,0.0,de,1,-1,,,,,
Erdbeben bei Meran,Erdbeben bei Meran,LOC,0.0,0.0,de,1,-1,,,,,
Südtirol,Südtirol,LOC,0.0,0.0,de,1,-1,,,,,
Meran,Meran,LOC,0.7,0.0,de,1,-1,,,,,
Gefängnis-Flucht,Gefängnis-Flucht,LOC,0.0,0.0,de,1,-1,,,,,
Karatschi,Karatschi,LOC,0.0,1.0,de,1,-1,,,,,
Korruptionsvorwurf,Korruptionsvorwurf,LOC,0.0,0.0,de,1,-1,,,,,
Erdbeben - Süditalienische Region,Erdbeben - Süditalienische Region,LOC,0.0,0.0,de,1,-1,,,,,
Gardasee,Gardasee,LOC,0.35,0.5,de,1,-1,,,,,
Neapolis,Neapolis,LOC,0.0,0.0,de,1,-1,,,,,
Lassithi,Lassithi,LOC,0.0,0.0,de,1,-1,,,,,
Athener,Athener,LOC,0.0,0.0,de,1,-1,,,,,
Erdbebendienstes,Erdbebendienstes,LOC,0.0,0.0,de,1,-1,,,,,
Erdbeben-Warnungen,Erdbeben-Warnungen,LOC,0.0,0.0,de,1,-1,,,,,
Wear-OS-Smartwatches,Wear-OS-Smartwatches,LOC,0.0,0.0,de,1,-1,,,,,
Callao,Callao,LOC,-0.7,0.0,de,1,-1,,,,,
indischen Außenministeriums,indischen Außenministeriums,LOC,0.0,0.0,de,1,-1,,,,,
Flughafen der Wi…,Flughafen der Wi…,LOC,0.0,0.0,de,1,-1,,,,,
Militärregierung de… Kopiere,Militärregierung de… Kopiere,LOC,-0.35,0.5,de,1,-1,,,,,
Min Aung Hlaing,Min Aung Hlaing,LOC,-1.0,0.0,de,1,-1,,,,,
Verheerendes,Verheerendes,LOC,-1.0,0.0,de,1,-1,,,,,
Unser Haus,Unser Haus,LOC,0.0,0.0,de,1,-1,,,,,
Côte,Côte,LOC,-1.0,0.0,de,1,-1,,,,,
Rovereto,Rovereto,LOC,0.35,0.5,de,1,-1,,,,,
Magdeburg,Magdeburg,LOC,0.0,0.0,de,1,-1,,,,,
Erdbeben im Kopf,Erdbeben im Kopf,LOC,0.0,0.0,de,1,-1,,,,,
Myan,Myan,LOC,0.0,0.0,de,1,-1,,,,,
Dianchi-See,Dianchi-See,LOC,-1.0,0.0,de,1,-1,,,,,
Erdbeben am Mittelmeer,Erdbeben am Mittelmeer,LOC,0.7,0.0,de,1,-1,,,,,
Präv,Präv,LOC,0.0,0.0,de,1,-1,,,,,
Jahreb,Jahreb,LOC,0.7,0.0,de,1,-1,,,,,
Erdbeben auf Halbinsel Kamtschatka,Erdbeben auf Halbinsel Kamtschatka,LOC,0.0,0.0,de,1,-1,,,,,
Stärkstes Beben der Region,Stärkstes Beben der Region,LOC,0.0,0.0,de,1,-1,,,,,
Wiener Neustadt,Wiener Neustadt,LOC,0.0,0.0,de,1,-1,,,,,
Mittwochfrüh,Mittwochfrüh,LOC,0.0,0.0,de,1,-1,,,,,
Schwaches Erdbeben bei Sollenau,Schwaches Erdbeben bei Sollenau,LOC,-0.7,0.0,de,1,-1,,,,,
Tokar…,Tokar…,LOC,0.0,0.0,de,1,-1,,,,,
Mega-Talent,Mega-Talent,LOC,0.0,0.0,de,1,-1,,,,,
Mars,Mars,LOC,1.0,0.0,de,1,-1,,,,,
Muss Santorini,Muss Santorini,LOC,-1.0,0.0,de,1,-1,,,,,
sp…,sp…,LOC,0.0,0.0,de,1,-1,,,,,
Erdbeben am Mont-Blanc-Massiv,Erdbeben am Mont-Blanc-Massiv,LOC,0.0,0.0,de,1,-1,,,,,
New York fl…,New York fl…,LOC,0.0,0.0,de,1,-1,,,,,
japanischen Inseln,japanischen Inseln,LOC,0.0,0.0,de,1,-1,,,,,
Bergen,Bergen,LOC,-0.7,0.0,de,1,-1,,,,,
Kathmandu-Tals,Kathmandu-Tals,LOC,0.0,0.0,de,1,-1,,,,,
US-Metropole,US-Metropole,LOC,1.0,0.0,de,1,-1,,,,,
Phlegräischen…,Phlegräischen…,LOC,0.0,0.0,de,1,-1,,,,,
Bangkok-Erdbeben,Bangkok-Erdbeben,LOC,0.0,0.0,de,1,-1,,,,,
Silom,Silom,LOC,0.0,0.0,de,1,-1,,,,,
Zentrum Bangkoks,Zentrum Bangkoks,LOC,0.0,0.0,de,1,-1,,,,,
… Kopiere,… Kopiere,LOC,-0.7,0.0,de,1,-1,,,,,
Fethiye,Fethiye,LOC,0.7,0.0,de,1,-1,,,,,
Ierapetra,Ierapetra,LOC,0.0,0.0,de,1,-1,,,,,
griec…,griec…,LOC,0.0,0.0,de,1,-1,,,,,
Mittagsstunden,Mittagsstunden,LOC,0.0,0.0,de,1,-1,,,,,
griechische Inseln,griechische Inseln,LOC,0.7,0.0,de,1,-1,,,,,
Venus,Venus,LOC,1.0,0.0,de,1,-1,,,,,
Jupiter,Jupiter,LOC,1.0,0.0,de,1,-1,,,,,
Alicudi,Alicudi,LOC,0.0,0.0,de,1,-1,,,,,
Kahramanmara,Kahramanmara,LOC,0.7,0.0,de,1,-1,,,,,
Antakya,Antakya,LOC,0.0,0.0,de,1,-1,,,,,
Südtürkei,Südtürkei,LOC,-0.5,0.5,de,1,-1,,,,,
16-Millionen-Metropole Istanbul,16-Millionen-Metropole Istanbul,LOC,-1.0,0.0,de,1,-1,,,,,
Atomdeal,Atomdeal,LOC,0.0,0.0,de,1,-1,,,,,
Moskau,Moskau,LOC,0.0,0.0,de,1,-1,,,,,
Sarif,Sarif,LOC,-0.15000000000000002,0.0,de,1,-1,,,,,
Österreichischen Erdbebendienst,Österreichischen Erdbebendienst,LOC,0.0,0.0,de,1,-1,,,,,
Landeck,Landeck,LOC,0.0,0.0,de,1,-1,,,,,
Oberland,Oberland,LOC,0.0,0.0,de,1,-1,,,,,
Tiefsee,Tiefsee,LOC,0.0,0.0,de,1,-1,,,,,
chilenischen Atacama-Wüste,chilenischen Atacama-Wüste,LOC,0.0,0.0,de,1,-1,,,,,
Kraterrand,Kraterrand,LOC,0.0,0.0,de,1,-1,,,,,
So gefährlich,So gefährlich,LOC,-1.0,0.0,de,1,-1,,,,,
Ägäis-Inseln,Ägäis-Inseln,LOC,0.0,0.0,de,1,-1,,,,,
griechische Regierung,griechische Regierung,LOC,0.7,0.0,de,1,-1,,,,,
bang,bang,LOC,-0.7,0.0,de,1,-1,,,,,
Na…,Na…,LOC,-0.7,0.0,de,1,-1,,,,,
Santorin-Serie,Santorin-Serie,LOC,0.0,0.0,de,1,-1,,,,,
Erdbeben bei Oscar-Party!,Erdbeben bei Oscar-Party!,LOC,0.7,0.0,de,1,-1,,,,,
Pazifischen Ozean,Pazifischen Ozean,LOC,0.0,0.0,de,1,-1,,,,,
Alaskas Küste,Alaskas Küste,LOC,0.0,0.0,de,1,-1,,,,,
Warnung,Warnung,LOC,0.0,0.0,de,1,-1,,,,,
Tsunamiwarnung,Tsunamiwarnung,LOC,0.0,0.0,de,1,-1,,,,,
Süditaliens,Süditaliens,LOC,0.0,0.0,de,1,-1,,,,,
Katalonien,Katalonien,LOC,-0.7,0.0,de,1,-1,,,,,
Barcelona,Barcelona,LOC,0.7,0.0,de,1,-1,,,,,
Erdbeben in Kroatien,Erdbeben in Kroatien,LOC,0.0,0.0,de,1,-1,,,,,
Übersee,Übersee,LOC,1.0,0.0,de,1,-1,,,,,
Schweres Erdbeben in der Karibik,Schweres Erdbeben in der Karibik,LOC,0.0,0.0,de,1,-1,,,,,
Schweres Erdbeben in Karibik,Schweres Erdbeben in Karibik,LOC,-1.0,0.0,de,1,-1,,,,,
Filicudi,Filicudi,LOC,0.0,0.0,de,1,-1,,,,,
Erdbeben vor Sizilien,Erdbeben vor Sizilien,LOC,0.0,0.0,de,1,-1,,,,,
Trauminsel Santorini,Trauminsel Santorini,LOC,0.0,0.0,de,1,-1,,,,,
Karibik-Region,Karibik-Region,LOC,0.0,0.0,de,1,-1,,,,,
Hanga Roa…,Hanga Roa…,LOC,0.0,0.0,de,1,-1,,,,,
US-Tsunami-Warnzentrum,US-Tsunami-Warnzentrum,LOC,0.0,0.0,de,1,-1,,,,,
Hawai,Hawai,LOC,0.0,0.0,de,1,-1,,,,,
Fukushima-Kata,Fukushima-Kata,LOC,0.0,0.0,de,1,-1,,,,,
Höchster Vulkan,Höchster Vulkan,LOC,0.0,0.0,de,1,-1,,,,,
Wiesbaden,Wiesbaden,LOC,0.0,1.0,de,1,-1,,,,,
Wackelnde Gebäude,Wackelnde Gebäude,LOC,0.0,0.0,de,1,-1,,,,,
Risse,Risse,LOC,0.0,0.0,de,1,-1,,,,,
Cayman-Inseln,Cayman-Inseln,LOC,0.7,0.0,de,1,-1,,,,,
Erdbeben: Tsunami-Warnung,Erdbeben: Tsunami-Warnung,LOC,0.0,0.0,de,1,-1,,,,,
Santa María de Jesús,Santa María de Jesús,LOC,0.0,0.0,de,1,-1,,,,,
Schwaches Erdbeben bei Pernitz,Schwaches Erdbeben bei Pernitz,LOC,-0.7,0.0,de,1,-1,,,,,
Pernitz,Pernitz,LOC,0.0,0.0,de,1,-1,,,,,
App-Stores,App-Stores,LOC,0.0,0.0,de,1,-1,,,,,
Hono,Hono,LOC,0.0,0.0,de,1,-1,,,,,
Russlands erschütter,Russlands erschütter,LOC,0.0,0.0,de,1,-1,,,,,
Atomkraftwerk Fukushima,Atomkraftwerk Fukushima,LOC,0.0,0.0,de,1,-1,,,,,
Pico del Teide,Pico del Teide,LOC,0.0,0.0,de,1,-1,,,,,
Erdbebenserie,Erdbebenserie,LOC,0.0,0.0,de,1,-1,,,,,
FOCUS-online-Redakteurin,FOCUS-online-Redakteurin,LOC,0.7,0.0,de,1,-1,,,,,
Insel Amorgos,Insel Amorgos,LOC,0.7,0.0,de,1,-1,,,,,
b…,b…,LOC,0.0,0.0,de,1,-1,,,,,
Kykladeninsel,Kykladeninsel,LOC,0.0,0.0,de,1,-1,,,,,
Erdbebenvorsorge,Erdbebenvorsorge,LOC,0.0,0.0,de,1,-1,,,,,
Privacy Center,Privacy Center,LOC,0.0,0.0,de,1,-1,,,,,
Fohnsdorf,Fohnsdorf,LOC,0.0,0.0,de,1,-1,,,,,
Satorini,Satorini,LOC,-0.7,0.0,de,1,-1,,,,,
Erdbeben von Santorin,Erdbeben von Santorin,LOC,0.0,0.0,de,1,-1,,,,,
Siders,Siders,LOC,0.0,1.0,de,1,-1,,,,,
Costa Ricas,Costa Ricas,LOC,0.0,0.0,de,1,-1,,,,,
Kahului,Kahului,LOC,0.0,0.0,de,1,-1,,,,,
Maui,Maui,LOC,0.0,0.0,de,1,-1,,,,,
Erdbeben vor russischer Halbinsel,Erdbeben vor russischer Halbinsel,LOC,0.0,0.0,de,1,-1,,,,,
Griechenland u…,Griechenland u…,LOC,0.0,0.0,de,1,-1,,,,,
Mo…,Mo…,LOC,0.0,0.0,de,1,-1,,,,,
Inter,Inter,LOC,-1.0,0.0,de,1,-1,,,,,
Afad,Afad,LOC,0.0,0.0,de,1,-1,,,,,
Vulkaninsel Santorini,Vulkaninsel Santorini,LOC,0.0,1.0,de,1,-1,,,,,
türkischen Regierung,türkischen Regierung,LOC,0.0,0.0,de,1,-1,,,,,
Syri,Syri,LOC,-1.0,0.0,de,1,-1,,,,,
Leichtes Erdbeben,Leichtes Erdbeben,LOC,0.0,0.0,de,1,-1,,,,,
Erdbeben von Kamtschatka,Erdbeben von Kamtschatka,LOC,0.0,0.0,de,1,-1,,,,,
Mens,Mens,LOC,0.0,0.0,de,1,-1,,,,,
Gesteinsflächen,Gesteinsflächen,LOC,0.0,0.0,de,1,-1,,,,,
US-Tsuna,US-Tsuna,LOC,-0.7,0.0,de,1,-1,,,,,
Meterhohe Tsunami-Wellen,Meterhohe Tsunami-Wellen,LOC,0.0,0.0,de,1,-1,,,,,
Pazifikstaaten,Pazifikstaaten,LOC,0.0,0.0,de,1,-1,,,,,
Kommt,Kommt,LOC,0.7,0.0,de,1,-1,,,,,
Kopf Santorini,Kopf Santorini,LOC,-0.7,0.0,de,1,-1,,,,,
der Schweiz,der Schweiz,LOC,0.0,0.0,de,1,-1,,,,,
Sapo,Sapo,LOC,0.0,0.0,de,1,-1,,,,,
Meterhohe Tsunamiwellen,Meterhohe Tsunamiwellen,LOC,0.0,0.0,de,1,-1,,,,,
Tsunami-Entwarnung,Tsunami-Entwarnung,LOC,0.0,0.0,de,1,-1,,,,,
Kamtschatkas,Kamtschatkas,LOC,0.0,0.0,de,1,-1,,,,,
Russlands Pazifikküste,Russlands Pazifikküste,LOC,0.0,0.0,de,1,-1,,,,,
Französisch-Polynesiens,Französisch-Polynesiens,LOC,0.0,0.0,de,1,-1,,,,,
Guam,Guam,LOC,0.0,0.0,de,1,-1,,,,,
serbischen Teilrepublik,serbischen Teilrepublik,LOC,0.0,0.0,de,1,-1,,,,,
Dodik,Dodik,LOC,0.0,1.0,de,1,-1,,,,,
serbischen Teilrepublik Republika Srpska,serbischen Teilrepublik Republika Srpska,LOC,0.0,1.0,de,1,-1,,,,,
RS,RS,LOC,0.0,1.0,de,1,-1,,,,,
Innsbrucker,Innsbrucker,LOC,0.0,0.0,de,1,-1,,,,,
Erdbeben um Neapel,Erdbeben um Neapel,LOC,0.0,0.0,de,1,-1,,,,,
Vulkanen,Vulkanen,LOC,0.0,0.0,de,1,-1,,,,,
Balkesir,Balkesir,LOC,0.0,0.0,de,1,-1,,,,,
Paramuschir,Paramuschir,LOC,0.0,0.0,de,1,-1,,,,,
Vereinigten Staaten,Vereinigten Staaten,LOC,0.0,0.0,de,1,-1,,,,,
Millionen,Millionen,LOC,0.0,0.0,de,1,-1,,,,,
Millione…,Millione…,LOC,-0.7,0.0,de,1,-1,,,,,
Megawellen,Megawellen,LOC,0.7,0.0,de,1,-1,,,,,
Oarai,Oarai,LOC,0.0,0.0,de,1,-1,,,,,
Ibarak,Ibarak,LOC,0.0,0.0,de,1,-1,,,,,
Venedig,Venedig,LOC,0.0,0.0,de,1,-1,,,,,
russischen Kurilen,russischen Kurilen,LOC,0.7,0.0,de,1,-1,,,,,
yas,yas,LOC,0.0,0.0,de,1,-1,,,,,
Vulkanausbruch,Vulkanausbruch,LOC,0.0,0.0,de,1,-1,,,,,
US-Forschungsinstitution,US-Forschungsinstitution,LOC,1.0,0.0,de,1,-1,,,,,
Erdbeben-Frühwarnsystem,Erdbeben-Frühwarnsystem,LOC,0.7,0.0,de,1,-1,,,,,
Erdbeben vor der russischen Halbinsel,Erdbeben vor der russischen Halbinsel,LOC,0.7,0.0,de,1,-1,,,,,
Erdbeben in Chi…,Erdbeben in Chi…,LOC,0.0,0.0,de,1,-1,,,,,
Erdbeben in China,Erdbeben in China,LOC,0.0,0.0,de,1,-1,,,,,
Schweres Beben vor,Schweres Beben vor,LOC,0.0,0.0,de,1,-1,,,,,
Smithsonian,Smithsonian,LOC,1.0,0.0,de,1,-1,,,,,
Kupfermine El Teniente,Kupfermine El Teniente,LOC,-1.0,0.0,de,1,-1,,,,,
Polit-Erdbeben,Polit-Erdbeben,LOC,0.0,0.0,de,1,-1,,,,,
Litauen,Litauen,LOC,0.0,0.0,de,1,-1,,,,,
Stützpunktes Rybachiy,Stützpunktes Rybachiy,LOC,-1.0,0.0,de,1,-1,,,,,
Pacific Tsunami Warning Center,Pacific Tsunami Warning Center,LOC,0.0,0.0,de,1,-1,,,,,
si…,si…,LOC,0.0,0.0,de,1,-1,,,,,
Silicon Valley,Silicon Valley,LOC,0.0,0.0,de,1,-1,,,,,
Fichtelgebirge,Fichtelgebirge,LOC,0.0,1.0,de,1,-1,,,,,
Erdbeben im Fichtelgebirge,Erdbeben im Fichtelgebirge,LOC,0.0,0.0,de,1,-1,,,,,
TSMC-Fabriken,TSMC-Fabriken,LOC,0.0,0.0,de,1,-1,,,,,
Insel Sizilien,Insel Sizilien,LOC,0.0,0.0,de,1,-1,,,,,
Griechische Inseln,Griechische Inseln,LOC,-0.7,0.0,de,1,-1,,,,,
Fähren,Fähren,LOC,-0.35,0.5,de,1,-1,,,,,
Piräus,Piräus,LOC,-0.35,0.5,de,1,-1,,,,,
Atem,Atem,LOC,0.7,0.0,de,1,-1,,,,,
Kykladen-Insel,Kykladen-Insel,LOC,0.0,1.0,de,1,-1,,,,,
Äg,Äg,LOC,0.0,0.0,de,1,-1,,,,,
di…,di…,LOC,-0.7,0.0,de,1,-1,,,,,
Ägäis-Insel Santorini,Ägäis-Insel Santorini,LOC,0.0,0.0,de,1,-1,,,,,
Erdbeben von Santorini,Erdbeben von Santorini,LOC,-0.35,0.0,de,1,-1,,,,,
Deutschlands Brücken,Deutschlands Brücken,LOC,0.0,0.0,de,1,-1,,,,,
Santorinis,Santorinis,LOC,-0.5,0.5,de,1,-1,,,,,
Katastrophen-Einsätze,Katastrophen-Einsätze,LOC,0.0,0.0,de,1,-1,,,,,
Beliebte Insel,Beliebte Insel,LOC,0.7,0.0,de,1,-1,,,,,
Erdbeben auf Santorini,Erdbeben auf Santorini,LOC,0.7,0.0,de,1,-1,,,,,
Bedrohlicher Bebenschwarm,Bedrohlicher Bebenschwarm,LOC,-0.6666666666666666,0.26666666666666666,de,1,-1,,,,,
Bricht,Bricht,LOC,-0.6666666666666666,0.26666666666666666,de,1,-1,,,,,
Befürchtungen,Befürchtungen,LOC,0.0,0.0,de,1,-1,,,,,
Krater-Insel,Krater-Insel,LOC,-1.0,0.0,de,1,-1,,,,,
Schlimmes,Schlimmes,LOC,-1.0,0.0,de,1,-1,,,,,
Provinz Balıkesir,Provinz Balıkesir,LOC,0.0,1.0,de,1,-1,,,,,
Erdbeben in der Türkei,Erdbeben in der Türkei,LOC,0.0,1.0,de,1,-1,,,,,
Hauptbeben am Sonntagabend,Hauptbeben am Sonntagabend,LOC,0.0,1.0,de,1,-1,,,,,
Supershear-Beben,Supershear-Beben,LOC,0.0,0.0,de,1,-1,,,,,
Myanmar-Erdbeben,Myanmar-Erdbeben,LOC,0.0,0.0,de,1,-1,,,,,
Bosnien und Herzegowina,Bosnien und Herzegowina,LOC,0.0,0.0,de,1,-1,,,,,
Verschü,Verschü,LOC,0.0,0.0,de,1,-1,,,,,
Katastrophenschutzbeh,Katastrophenschutzbeh,LOC,-0.85,0.0,de,1,-1,,,,,
Island,Island,LOC,1.0,0.0,de,1,-1,,,,,
Canopus,Canopus,LOC,0.0,0.0,de,1,-1,,,,,
Alexandria,Alexandria,LOC,0.7,0.0,de,1,-1,,,,,
Sumai,Sumai,LOC,0.0,0.0,de,1,-1,,,,,
ac… Kopiere,ac… Kopiere,LOC,-0.85,0.0,de,1,-1,,,,,
Bonner,Bonner,LOC,-0.7,0.0,de,1,-1,,,,,
Nachbeben,Nachbeben,LOC,-1.0,0.0,de,1,-1,,,,,
La…,La…,LOC,0.0,0.0,de,1,-1,,,,,
Staatsagentur,Staatsagentur,LOC,0.0,0.0,de,1,-1,,,,,
cov,cov,LOC,0.0,0.0,de,1,-1,,,,,
pakistanischen Grenze,pakistanischen Grenze,LOC,0.0,1.0,de,1,-1,,,,,
Drake Passage,Drake Passage,LOC,0.0,0.0,de,1,-1,,,,,
Nangahar,Nangahar,LOC,-1.0,0.0,de,1,-1,,,,,
Flammenfelder,Flammenfelder,LOC,0.0,0.0,de,1,-1,,,,,
Erdbeben in der Region,Erdbeben in der Region,LOC,-1.0,0.0,de,1,-1,,,,,
Trio Ätna,Trio Ätna,LOC,1.0,0.0,de,1,-1,,,,,
Pazifikhalbinsel Kamtschatka,Pazifikhalbinsel Kamtschatka,LOC,0.0,0.0,de,1,-1,,,,,
Kontinente,Kontinente,LOC,0.0,1.0,de,1,-1,,,,,
Atom-Risiko,Atom-Risiko,LOC,0.0,0.0,de,1,-1,,,,,
Erebendb,Erebendb,LOC,0.0,0.0,de,1,-1,,,,,
Überl,Überl,LOC,0.0,0.0,de,1,-1,,,,,
Gebiet,Gebiet,LOC,-1.0,0.0,de,1,-1,,,,,
Kunar s…,Kunar s…,LOC,0.0,0.0,de,1,-1,,,,,
gebirgiger,gebirgiger,LOC,0.0,1.0,de,1,-1,,,,,
Grossbränden,Grossbränden,LOC,0.0,0.0,de,1,-1,,,,,
Eaton-Feuer,Eaton-Feuer,LOC,0.0,0.0,de,1,-1,,,,,
bebt,bebt,LOC,0.0,0.0,de,1,-1,,,,,
Flüg,Flüg,LOC,-1.0,0.0,de,1,-1,,,,,
Griechenland-Insel,Griechenland-Insel,LOC,-0.7,0.0,de,1,-1,,,,,
Einwoh,Einwoh,LOC,0.0,0.0,de,1,-1,,,,,
Kykladen-Insel Santorini,Kykladen-Insel Santorini,LOC,0.7,0.0,de,1,-1,,,,,
Langzeitmieten,Langzeitmieten,LOC,0.0,0.0,de,1,-1,,,,,
Pacific Palisades,Pacific Palisades,LOC,0.0,0.0,de,1,-1,,,,,
Unzmarkt-Frauenburg,Unzmarkt-Frauenburg,LOC,0.0,0.0,de,1,-1,,,,,
Maisfeld,Maisfeld,LOC,0.0,0.0,de,1,-1,,,,,
Trümmern n…,Trümmern n…,LOC,0.7,0.0,de,1,-1,,,,,
Flughafen von Dschalalabad,Flughafen von Dschalalabad,LOC,0.0,0.0,de,1,-1,,,,,
Erbebens,Erbebens,LOC,0.0,0.0,de,1,-1,,,,,
Jemen,Jemen,LOC,-1.0,0.0,de,1,-1,,,,,
N…,N…,LOC,0.35,0.5,de,1,-1,,,,,
Leichtes Erdbeben bei Dresden,Leichtes Erdbeben bei Dresden,LOC,0.0,0.0,de,1,-1,,,,,
Elbezone,Elbezone,LOC,0.0,0.0,de,1,-1,,,,,
Beben am Samstag,Beben am Samstag,LOC,0.0,0.0,de,1,-1,,,,,
Landesumweltamt Sachsen,Landesumweltamt Sachsen,LOC,0.0,0.0,de,1,-1,,,,,
Hotelbrand,Hotelbrand,LOC,0.0,0.0,de,1,-1,,,,,
Türken,Türken,LOC,0.0,1.0,de,1,-1,,,,,
Grand Kartalkaya Hotel,Grand Kartalkaya Hotel,LOC,0.0,0.0,de,1,-1,,,,,
Union,Union,LOC,0.0,0.0,de,1,-1,,,,,
Erdbeben das Land,Erdbeben das Land,LOC,-0.7,0.0,de,1,-1,,,,,
Mitternacht im Schlaf,Mitternacht im Schlaf,LOC,0.7,0.0,de,1,-1,,,,,
Zugunglück,Zugunglück,LOC,0.0,0.0,de,1,-1,,,,,
Garmisch-Partenkirchen,Garmisch-Partenkirchen,LOC,0.0,0.0,de,1,-1,,,,,
Cortina,Cortina,LOC,0.0,0.0,de,1,-1,,,,,
Zeltfenster,Zeltfenster,LOC,0.7,0.0,de,1,-1,,,,,
Neujahr,Neujahr,LOC,0.0,0.0,de,1,-1,,,,,
Erdbeben bei Dresden,Erdbeben bei Dresden,LOC,0.7,0.0,de,1,-1,,,,,
Provinz Kun… Kopiere,Provinz Kun… Kopiere,LOC,-0.4666666666666666,0.3333333333333333,de,1,-1,,,,,
Rettungsarbeit,Rettungsarbeit,LOC,0.0,0.0,de,1,-1,,,,,
Katastrophe am Hindukush,Katastrophe am Hindukush,LOC,0.0,0.0,de,1,-1,,,,,
UN-Koordinator,UN-Koordinator,LOC,1.0,0.0,de,1,-1,,,,,
Indrika Ra,Indrika Ra,LOC,1.0,0.0,de,1,-1,,,,,
Afghani,Afghani,LOC,0.0,0.0,de,1,-1,,,,,
Rettungstea,Rettungstea,LOC,-0.7,0.0,de,1,-1,,,,,
Haschem,Haschem,LOC,-0.7,0.0,de,1,-1,,,,,
Erdbeben wu… [+611 chars,Erdbeben wu… [+611 chars,LOC,0.0,0.0,de,1,-1,,,,,
Udine,Udine,LOC,0.0,0.0,de,1,-1,,,,,
Osttirol,Osttirol,LOC,0.0,0.0,de,1,-1,,,,,
Kärnten,Kärnten,LOC,0.0,0.0,de,1,-1,,,,,
Erdkruste,Erdkruste,LOC,-1.0,0.0,de,1,-1,,,,,
Nea Styra,Nea Styra,LOC,0.0,0.0,de,1,-1,,,,,
Nacht vor der Küste,Nacht vor der Küste,LOC,0.0,0.0,de,1,-1,,,,,
Waldbrand,Waldbrand,LOC,-1.0,0.0,de,1,-1,,,,,
russischen Ostküste,russischen Ostküste,LOC,0.0,0.0,de,1,-1,,,,,
Paz…,Paz…,LOC,0.0,0.0,de,1,-1,,,,,
Forschend,Forschend,LOC,0.0,0.0,de,1,-1,,,,,
Stelzen-Autobahn,Stelzen-Autobahn,LOC,0.0,1.0,de,1,-1,,,,,
Kobe,Kobe,LOC,0.0,0.0,de,1,-1,,,,,
Raluca Nicola,Raluca Nicola,LOC,0.7,0.0,de,1,-1,,,,,
Aquila,Aquila,LOC,0.7,0.0,de,1,-1,,,,,
Norditalien,Norditalien,LOC,0.7,0.0,de,1,-1,,,,,
Airolo,Airolo,LOC,0.0,0.0,de,1,-1,,,,,
Reuters)/(dpa,Reuters)/(dpa,LOC,0.7,0.0,de,1,-1,,,,,
U.S.,U.S.,LOC,0.0,0.0,de,1,-1,,,,,
Westküstenmetropole,Westküstenmetropole,LOC,1.0,0.0,de,1,-1,,,,,
Thüringer,Thüringer,LOC,0.7,0.0,de,1,-1,,,,,
Erfurt,Erfurt,LOC,0.0,0.0,de,1,-1,,,,,
UN-Mitarbeiterinnen,UN-Mitarbeiterinnen,LOC,-1.0,0.0,de,1,-1,,,,,
UN-Institutionen,UN-Institutionen,LOC,-0.7,0.0,de,1,-1,,,,,
Supervulkan-Zone,Supervulkan-Zone,LOC,0.0,0.0,de,1,-1,,,,,
Taliban-Angaben,Taliban-Angaben,LOC,0.0,0.0,de,1,-1,,,,,
Ägäisinsel,Ägäisinsel,LOC,0.7,0.0,de,1,-1,,,,,
Venezuela,Venezuela,LOC,0.0,0.0,de,1,-1,,,,,
US-Bootsangriffe,US-Bootsangriffe,LOC,0.0,0.0,de,1,-1,,,,,
Trauminseln,Trauminseln,LOC,0.0,0.0,de,1,-1,,,,,
Thira au…,Thira au…,LOC,0.0,0.0,de,1,-1,,,,,
Bedretto,Bedretto,LOC,0.0,0.0,de,1,-1,,,,,
Sydney,Sydney,LOC,0.0,0.0,de,1,-1,,,,,
Mitternacht,Mitternacht,LOC,0.0,0.0,de,1,-1,,,,,
Ta…,Ta…,LOC,0.0,0.0,de,1,-1,,,,,
Taiwans,Taiwans,LOC,0.0,0.0,de,1,-1,,,,,
Tel Aviv,Tel Aviv,LOC,0.0,0.0,de,1,-1,,,,,
Boden-Boden-Raketen,Boden-Boden-Raketen,LOC,0.0,0.0,de,1,-1,,,,,
Indischen Ozean,Indischen Ozean,LOC,0.0,0.0,de,1,-1,,,,,
San-Andreas-Verwerfung,San-Andreas-Verwerfung,LOC,0.15000000000000002,0.0,de,1,-1,,,,,
Zentrum Roms,Zentrum Roms,LOC,0.0,0.0,de,1,-1,,,,,
Trümmern de…,Trümmern de…,LOC,0.0,0.0,de,1,-1,,,,,
­Afghanistans,­Afghanistans,LOC,-0.3333333333333333,0.6666666666666666,de,1,-1,,,,,
Provinz Sa…,Provinz Sa…,LOC,0.0,0.0,de,1,-1,,,,,
Erdbeben im Norden Afghanistans,Erdbeben im Norden Afghanistans,LOC,0.0,0.0,de,1,-1,,,,,
Blaue Moschee,Blaue Moschee,LOC,-0.35,0.5,de,1,-1,,,,,
Gesundheitsministerium der regierenden Taliban,Gesundheitsministerium der regierenden Taliban,LOC,0.0,1.0,de,1,-1,,,,,
Beben am Sonntag,Beben am Sonntag,LOC,0.0,0.0,de,1,-1,,,,,
Visayas,Visayas,LOC,0.0,0.0,de,1,-1,,,,,
Blauen Moschee,Blauen Moschee,LOC,-0.7,0.0,de,1,-1,,,,,
Viet,Viet,LOC,0.0,0.0,de,1,-1,,,,,
"Hurrikan ""Melissa","Hurrikan ""Melissa",LOC,0.0,0.0,de,1,-1,,,,,
Niederlande,Niederlande,LOC,0.7,0.0,de,1,-1,,,,,
Bezirk Kitzbühel,Bezirk Kitzbühel,LOC,0.0,0.0,de,1,-1,,,,,
Reuters,Reuters,LOC,0.0,0.0,de,1,-1,,,,,
AP03.11.2025,AP03.11.2025,LOC,0.0,0.0,de,1,-1,,,,,
Everest-Region,Everest-Region,LOC,0.0,0.0,de,1,-1,,,,,
Erdbebenzentrum,Erdbebenzentrum,LOC,0.0,0.0,de,1,-1,,,,,
Schweres Erdbeben in Tibet,Schweres Erdbeben in Tibet,LOC,0.7,0.0,de,1,-1,,,,,
Jakarta,Jakarta,LOC,0.0,0.0,de,1,-1,,,,,
Beben Sonntagabend,Beben Sonntagabend,LOC,-1.0,0.0,de,1,-1,,,,,
St,St,LOC,0.0,0.0,de,1,-1,,,,,
Erdbeben vor Philippinen,Erdbeben vor Philippinen,LOC,0.0,0.0,de,1,-1,,,,,
San Remigio,San Remigio,LOC,0.0,0.0,de,1,-1,,,,,
Sa… Kopiere,Sa… Kopiere,LOC,0.15000000000000002,0.0,de,1,-1,,,,,
Grönlands,Grönlands,LOC,-0.35,0.0,de,1,-1,,,,,
Europäisch-Mediterrane,Europäisch-Mediterrane,LOC,0.0,0.0,de,1,-1,,,,,
EMSC,EMSC,LOC,0.0,0.0,de,1,-1,,,,,
Erdbebenforschung,Erdbebenforschung,LOC,-0.15000000000000002,0.0,de,1,-1,,,,,
Touristeninsel,Touristeninsel,LOC,0.7,0.0,de,1,-1,,,,,
Hagia Sophia,Hagia Sophia,LOC,0.0,0.0,de,1,-1,,,,,
Erdbeben nun Regen,Erdbeben nun Regen,LOC,0.0,0.0,de,1,-1,,,,,
Erdbeben erschüttert Oldenburg,Erdbeben erschüttert Oldenburg,LOC,0.7,0.0,de,1,-1,,,,,
Landkreis Oldenburg,Landkreis Oldenburg,LOC,0.0,0.0,de,1,-1,,,,,
Erdbeben im Landkreis Oldenburg!,Erdbeben im Landkreis Oldenburg!,LOC,0.0,0.0,de,1,-1,,,,,
einheim,einheim,LOC,0.0,0.0,de,1,-1,,,,,
Erdbebenkatastrophe von Mandalay,Erdbebenkatastrophe von Mandalay,LOC,-1.0,0.0,de,1,-1,,,,,
Frankfurt,Frankfurt,LOC,0.0,0.0,de,1,-1,,,,,
Erdbeben-Video,Erdbeben-Video,LOC,-1.0,0.0,de,1,-1,,,,,
Erdbeben laut UN,Erdbeben laut UN,LOC,0.0,0.0,de,1,-1,,,,,
Schweres Erdbeben erschüttert Tibet,Schweres Erdbeben erschüttert Tibet,LOC,0.7,0.0,de,1,-1,,,,,
Erdbeben in Tirol,Erdbeben in Tirol,LOC,0.0,0.0,de,1,-1,,,,,
Spitze d… Im Jahr 2024,Spitze d… Im Jahr 2024,LOC,1.0,0.0,de,1,-1,,,,,
Niederlanden,Niederlanden,LOC,0.0,0.0,de,1,-1,,,,,
Provinz Aceh,Provinz Aceh,LOC,0.0,0.0,de,1,-1,,,,,
Baiturrahman-Moschee,Baiturrahman-Moschee,LOC,0.7,0.0,de,1,-1,,,,,
Banda Aceh,Banda Aceh,LOC,0.7,0.0,de,1,-1,,,,,
Mitternach,Mitternach,LOC,0.0,0.0,de,1,-1,,,,,
Hamas-Geiseln,Hamas-Geiseln,LOC,-0.43333333333333335,0.0,de,1,-1,,,,,
Gaza,Gaza,LOC,-1.0,0.0,de,1,-1,,,,,
Gesundheitsministerium der islamist…,Gesundheitsministerium der islamist…,LOC,0.0,1.0,de,1,-1,,,,,
Bermudas,Bermudas,LOC,0.0,0.0,de,1,-1,,,,,
Zoo,Zoo,LOC,0.0,0.0,de,1,-1,,,,,
Mazar-i-Sharif,Mazar-i-Sharif,LOC,0.0,0.0,de,1,-1,,,,,
Provinz Balc,Provinz Balc,LOC,0.0,0.0,de,1,-1,,,,,
Xizang,Xizang,LOC,0.7,0.0,de,1,-1,,,,,
